Judul,Tanggal,Penulis,Label,Kota,Content,Url
"Sepeda Motor Jupiter adu banteng dengan Yamaha R25, 4 Pelajar Dilarikan ke RSUP Kariadi Semarang","Kompas.com - 08/03/2023, 17:39 WIB","Kontributor Semarang, Muchamad Dafi Yusuf",Regional,"SEMARANG, KOMPAS.com","
SEMARANG, KOMPAS.com - Empat pelajar terlibat kecelakaan di Jalan Mayjen Sutoyo Depan Gang Anggrek III Kota Semarang. Sampai saat ini, para pelajar yang terlibat kecelakaan dilarikan ke RSUP Kariadi Semarang.
Kasubnit Lantas Polrestabes Semarang, Ipda Agus Trihandoko mengatakan, empat pelajar yang terlibat kecelakaan bernama Kenny Putra (15), Vito Raditya (18), Prajna Metta (18), dan Talitha Azalia (15).
Baca juga: Adu Banteng Moge dan Bus di Baluran Situbondo Diduga akibat Human Error
""Korban dirawat di RSUD Dr. Kariadi Kota Semarang,"" jelasnya saat dikonfirmasi, Rabu (8/3/2023).
Dia menjelaskan, kecelakaan tersebut bermula saat sepeda motor Jupiter menyebrang dari arah utara (Dr Panjaitan) ke arah selatan (Gang Anggrek III).
""Penyebab kecelakaan diduga pengendara kurang waspada pandangan samping kiri dan tidak menunggu bebasnya arus lalu lintas,"" kata dia.
Setelah itu, pengendara sepeda motor Jupiter adu banteng dengan pengendara sepeda motor Yamaha R25 yang melaju dengan kecepatan tinggi.
""Saat ini sepeda motor Yamaha R25 melaju dari arah MT. Haryono ke Gajahmada,"" ujarnya.
Kecelakaan tersebut terjadi sekitar pukul 11.00 WIB. Atas peristiwa kerugian ditaksir mencapai Rp 1 juta.
""Kita imbau agar warga tetap berhati-hati saat berkendara,"" paparnya.
Baca juga: Adu Banteng Motor Vs Mobil di Kulon Progo, 2 Pelajar SMP Luka Berat
Dapatkan update berita pilihan dan breaking news setiap hari dari Kompas.com. Mari bergabung di Grup Telegram ""Kompas.com News Update"", caranya klik link https://t.me/kompascomupdate, kemudian join. Anda harus install aplikasi Telegram terlebih dulu di ponsel.
 ",http://regional.kompas.com/read/2023/03/08/173948078/sepeda-motor-jupiter-adu-banteng-dengan-yamaha-r25-4-pelajar-dilarikan-ke
"Pria Mengebut di Jalan, Tabrak 6 Mobil lalu Lepas Baju Teriak-teriak","Kompas.com - 08/03/2023, 16:04 WIB",Aditya Jaya Iswara,Global,"BUKIT JALIL, KOMPAS.com","
BUKIT JALIL, KOMPAS.com - Seorang pria yang disebut kejiwaannya tidak stabil menyebabkan kecelakaan beruntun di Bukit Jalil, Malaysia, Sabtu (4/3/2023).
Dikutip dari World of Buzz, kendaraan pria itu melaju kencang, menabrak setidaknya enam mobil, kemudian menghantam sisi jalan.
Video kecelakaan tersebut viral di media sosial setelah diunggah akun bernama Alan Yap di sebuah grup Facebook.
Baca juga: Mobilnya Bikin Macet Bandara, Pria Ini Hanya Menonton Sambil Merokok
Di video, tampak pria ini menghentikan beberapa kendaraan dengan membuat gerakan tertentu, berteriak ""Aku Tuhan"" sambil mengangkat tinju ke udara.
Di beberapa kesempatan, dia juga melepas bajunya.
Video Alan Yap juga memperlihatkan pria ini berlutut di sisi jalan dan membuat gerakan berdoa saat ditangkap pihak berwajib.
Baca juga:

Video Mobil Tesla Lepas Kendali di China, Tewaskan Sejumlah Orang, Baru Berhenti Setelah Tabrak Gedung
Kopilot Yeti Airlines yang Jatuh Ternyata Istri Pilot yang Tewas Kecelakaan Maskapai yang Sama pada 2006
Kisah Meriance, Pekerja Migran Indonesia yang Selamat dari Neraka di Malaysia, Disiksa Secara Kejam

Tak lama kemudian polisi membawa pria tersebut untuk diamankan.








Baca berita tanpa iklan. Gabung Kompas.com+

Beberapa orang mengatakan bahwa pria itu tidak stabil secara mental. Ada juga yang melaporkan Tetrahydrocannabinol (THC) dari mariyuana ditemukan dalam tubuhnya.
Pria yang tak disebutkan namanya ini selanjutnya ditahan di kantor polisi Dang Wangi.
Baca juga: Hilang 47 Tahun, Tulang Mahasiswa Ini Ditemukan dalam Mobil Tenggelam di Sungai
Dapatkan update berita pilihan dan breaking news setiap hari dari Kompas.com. Mari bergabung di Grup Telegram ""Kompas.com News Update"", caranya klik link https://t.me/kompascomupdate, kemudian join. Anda harus install aplikasi Telegram terlebih dulu di ponsel.
 
",http://www.kompas.com/global/read/2023/03/08/160400070/pria-mengebut-di-jalan-tabrak-6-mobil-lalu-lepas-baju-teriak-teriak
"Pulang dari Bromo, Bus Pariwisata Alami Rem Blong dan Tabrak Sejumlah Kendaraan","Kompas.com - 07/03/2023, 14:37 WIB","Kontributor Probolinggo, Ahmad Faisol",Regional,PROBOLINGGO,"

PROBOLINGGO, KOMPAS.com - Kecelakaan terjadi di Pasar Lumbang, Kecamatan Lumbang, Kabupaten Probolinggo, Jawa Timur, Selasa (7/3/2023).
Bus pariwisata yang hendak pulang dari arah Gunung Bromo, mengalami rem blong dan menyasak sejumlah kendaraan di pasar. Akibatnya, sejumlah warga mengalami luka-luka.
Kejadian kecelakaan tersebut direkam oleh warga. Videonya pun menyebar di media sosial.
Di dalam video, terlihat penumpang bus yang berusaha keluar dari dalam bus. Ada pula sejumlah warga yang mengevakuasi korban kecelakaan.
Baca juga: Honda Brio Baru Milik Kades di Probolinggo Dilempar Bom Ikan 
Menurut Alun, warga di Pasar Lumbang, bus tersebut disebut membawa rombongan pelajar yang mengunjungi Bromo di Kecamatan Sukapura.
Setelah dari Bromo, bus rombongan pariwisata pulang melalui jalur menurun di Pasar Lumbang.
Baca juga: 2 Tahun Buron, Tersangka Maling Motor di Probolinggo Ditangkap Saat Pulang Kampung
""Diduga rem blong, bus itu menyasak sejumlah kendaraan di Pasar Lumbang. Korban-korban dibawa ke puskesmas dan rumah sakit,"" kata Alun.
Kepala Seksi Humas Polres Probolinggo Ipda Sugeng Santoso membenarkan kejadian tersebut.
""Saat ini kami masih menunggu keterangan dari petugas di lapangan,"" kata Sugeng.


Dapatkan update berita pilihan dan breaking news setiap hari dari Kompas.com. Mari bergabung di Grup Telegram ""Kompas.com News Update"", caranya klik link https://t.me/kompascomupdate, kemudian join. Anda harus install aplikasi Telegram terlebih dulu di ponsel.
 ",http://surabaya.kompas.com/read/2023/03/07/143720578/pulang-dari-bromo-bus-pariwisata-alami-rem-blong-dan-tabrak-sejumlah
Mobil yang Ditumpangi Sespri Pj Gubernur Papua Barat Daya Kecelakaan di Sorong Selatan,"Kompas.com - 06/03/2023, 23:56 WIB","Kontributor Sorong, Maichel",Regional,"SORONG,KOMPAS.com ","
SORONG,KOMPAS.com - Sebuah mobil Toyota Fortuner yang ditumpangi Sekretaris Pribadi (Sespri) Penjabat (Pj) Gubernur Papua Barat Daya Muhammad Musa'ad mengalami kecelakaan saat kunjungan kerja ke Sorong Selatan, Senin (6/3/2023) pagi.
Kabid Humas Polda Papua Barat Kombes Pol Adam Erwindi mengatakan, kecelakaan itu terjadi di Kilometer 110, Kampung Klamit, Sorong Selatan, sekitar pukul 09.00 WIT. Mobil tersebut ikut dalam rombongan kendaraan Pj Gubernur Papua Barat Daya.
Baca juga: Eks Pangdam XVIII Kasuari Dilantik Jadi Ketua DPD PDI-P Papua Barat Daya
""Mobil tersebut off control atau hilang kendali salah satu penyebabnya jalan yang lincin berbelok sehingga pengendara kaget dan terjadi kecelakaan,"" kata Adam saat dihubungi, Senin.
Adam menjelaskan, mobil yang ditumpangi sekretaris pribadi Pj Gubernur itu dikendarai sopir berinisial NH.
""Sopir yang mengendarai inisialnya NH dan jenis mobil Fortuner berpelat DD 1854 RV warna hitam,"" ujarnya.
Adam menyebut, tak ada korban jiwa dalam kecelakaan tersebut.
""Untuk kerugian mobil saja, tidak ada korban jiwa bahkan semua penumpang dan sopir sudah dipindahkan ke mobil lainnya untuk melanjutkan perjalanan,"" ungkapnya.
Baca juga: UPDATE Covid-19 di Sulteng, Sultra, Maluku, Malut, Papua, dan Papua Barat 28 Februari 2023
Mobil yang mengalami kecelakaan itu pun dievakuasi oleh petugas.
""Saat ini anggota Lantas Polres Sorong Selatan masih berupaya untuk menarik mobil dari lokasi tempat kejadian,"" imbuhnya.
Dapatkan update berita pilihan dan breaking news setiap hari dari Kompas.com. Mari bergabung di Grup Telegram ""Kompas.com News Update"", caranya klik link https://t.me/kompascomupdate, kemudian join. Anda harus install aplikasi Telegram terlebih dulu di ponsel.
 ",http://regional.kompas.com/read/2023/03/06/235653478/mobil-yang-ditumpangi-sespri-pj-gubernur-papua-barat-daya-kecelakaan-di
"Toyota Avanza Tabrak Rumah Warga di Maluku Tengah, Polisi: Pengemudi Mabuk","Kompas.com - 06/03/2023, 20:29 WIB","Kontributor Ambon, Rahmat Rahman Patty",Regional,"AMBON, KOMPAS.com","
AMBON, KOMPAS.com - Sebuah rumah warga di Desa Liang, Kecamatan Salahutu, Kabupaten Maluku Tengah, rusak parah setelah ditabrak mobil Toyota Avanza.
Insiden itu terjadi saat mobil yang dikendarai MN (30), melaju dengan kecepatan tinggi dari arah RT 01 menuju RT 03 di desa tersebut pada, Minggu (5/3/2023) malam.
Baca juga: Ketua DPRD Maluku Dukung Kapolda Tangkap Provokator Bentrokan di Maluku Tengah
Akibat insiden itu, rumah milik Mahani Samual dan mobil tersebut rusak parah.
“Kejadiannya tadi malam, jadi sopir ini melaju kencang dari arah RT 01 menuju RW 03,” kata Kepala Seksi Humas Polresta Pulau Ambon dan Pulau-Pulau Lease Iptu Moyo Utomo kepada Kompas.com, Senin (6/3/2023).

Moyo mengatakan, mobil tersebut hilang kendali dan akhirnya menabrak rumah warga karena sopir mabuk minuman beralkohol.
“Jadi pengendara mobil ini dalam pengaruh minuman keras, dia dalam keadaan mabuk” ujarnya.
Polisi yang mengetahui kejadian tersebut kemudian mendatangi lokasi untuk melakukan olah tempat kejadian perkara.
Baca juga: Polisi Kantongi Identitas Penganiaya Anggota TNI di Maluku Tengah, Minta Serahkan Diri
Menurut Moyo sopir kini telah ditahan untuk dimintai pertanggungjawabannya.
“Sopir sudah ditahan sudah diamankan,” katanya.
Dapatkan update berita pilihan dan breaking news setiap hari dari Kompas.com. Mari bergabung di Grup Telegram ""Kompas.com News Update"", caranya klik link https://t.me/kompascomupdate, kemudian join. Anda harus install aplikasi Telegram terlebih dulu di ponsel.
 ",http://regional.kompas.com/read/2023/03/06/202913978/toyota-avanza-tabrak-rumah-warga-di-maluku-tengah-polisi-pengemudi-mabuk
"Mobil Polisi Malaysia Putar Balik Tajam, Ringsek Ditabrak Mobil Warga","Kompas.com - 05/03/2023, 20:12 WIB",Aditya Jaya Iswara,Global,"PETALING JAYA, KOMPAS.com","
PETALING JAYA, KOMPAS.com - Mobil PDRM (Polis Diraja Malaysia) yang putar balik tajam dan memotong lajur ditabrak mobil Myvi milik warga di Petaling Jaya.
Video kecelakaan lalu lintas tersebut terekam di dascham pengguna jalan lainnya dari arah berlawanan, kemudian viral di media sosial.
Dalam video ini, tampak mobil polisi Malaysia yang berada di lajur kiri tiba-tiba berbelok tajam untuk putar balik.
Baca juga: Sopir Bus Klub JDT Parkir di Tengah Jalan, Ditinggal Sarapan di Warung
Mobil Myvi yang berada di lajur kanan sedang berjalan lurus, dan karena mobil polisi itu tiba-tiba belok, mereka tidak sempat saling menghindar sehingga terjadilah kecelakaan.
Di akhir video, terlihat sisi pengemudi mobil polisi terjepit dan ringsek akibat benturan.

Kepala Polisi Distrik Petaling Jaya, Asisten Komisaris Mohamad Fakhrudin Abdul Hamid, mengatakan bahwa peristiwa itu terjadi pada sore hari tanggal 28 Februari 2023.
Dikutip dari World of Buzz pada Sabtu (4/3/2023), ia mengungkapkan, mobil polisi sedang melakukan patroli tindak kriminal ketika berbelok tajam.
Investigasi sudah dibuka dan surat panggilan dikeluarkan untuk polisi yang mengemudikan mobil tersebut.
Baca juga:








Baca berita tanpa iklan. Gabung Kompas.com+


Takut Covid-19, Ibu Ini Kunci Diri di Rumah 3 Tahun, Polisi Dobrak Pintu
Malaysia: Aliran Sesat Kumpulan Zikir Asmaul Husna Juga Berusaha Sebarkan Ajaran ke Indonesia

Fakhrudin lalu meminta semua orang mengemudi sambil mengikuti aturan agar tidak terjadi kecelakaan.
Ia turut mengimbau masyarakat untuk melapor ke pihak berwajib jika menemukan pelanggaran, sekalipun itu kendaraan PDRM.
Baca juga: Terungkap, Pengebom Bunuh Diri di Masjid Pakistan Kenakan Seragam Polisi
Dapatkan update berita pilihan dan breaking news setiap hari dari Kompas.com. Mari bergabung di Grup Telegram ""Kompas.com News Update"", caranya klik link https://t.me/kompascomupdate, kemudian join. Anda harus install aplikasi Telegram terlebih dulu di ponsel.
 
",http://www.kompas.com/global/read/2023/03/05/201200070/mobil-polisi-malaysia-putar-balik-tajam-ringsek-ditabrak-mobil-warga
"Mobil Siaga Desa di Bojonegoro Tercebur ke Sungai, 8 Penumpang Dilarikan ke RS","Kompas.com - 03/03/2023, 20:31 WIB","Kontributor Tuban, Hamim",Regional,"BOJONEGORO, KOMPAS.com","
BOJONEGORO, KOMPAS.com - Sebuah mobil siaga milik Desa Mulyorejo mengalami kecelakaan tunggal dan tercebur ke sungai saat melintas di Jalan Raya Sumberrejo, Kabupaten Bojonegoro, Jawa Timur. 
Akibatnya, delapan penumpang mobil siaga Desa Mulyorejo, Kecamatan Balen, Bojonegoro, itu terpaksa dilarikan ke rumah sakit.
Baca juga: 2 Oknum Guru SMP di Bojonegoro Jadi Tersangka Korupsi Dana BOS
Kepala Desa Mulyorejo M Subekhan mengatakan, kecelakaan mobil siaga desa tersebut terjadi pada Jumat (3/3/2023) pukul 10.00 WIB.
Mobil siaga jenis Gran Max dengan Nomor Polisi S 1352 DU yang dikemudikan oleh Manan (33), sedang mengangkut rombongan warga menuju Kabupaten Jombang untuk menghadiri hajatan keluarga.
Saat perjalanan, pengemudi mobil siaga berusaha mendahului truk yang ada di depannya, nahas mobil siaga justru oleng dan tercebur ke sungai.
""Mau nyalip dump truk di depannya tapi ban depan justru tergelincir dan masuk ke dalam sungai,"" kata Subekhan saat dihubungi Kompas.com, Jumat.

Para penumpang mengalami luka ringan dan sudah mendapatkan penanganan dari tim medis Rumah Sakit Sumberrejo.
""Alhamdulillah para penumpang semuanya selamat dan telah dibawa ke IGD tadi di RS Sumberrejo,"" terangnya.
Sementara itu, bodi dan kaca bagian depan mobil siaga itu rusak. Mobil itu telah dibawa menggunakan mobil derek Dinas Perhubungan Bojonegoro ke bengkel.
Menurutnya, mobil siaga yang mengalami kecelakaan tersebut adalah milik desa yang bisa dipakai warga membutuhkan.
Baca juga: Bengawan Solo Siaga 1, Warga Bojonegoro Diminta Waspada Luapan Air
Sedangkan untuk mobil siaga yang berpelat merah bantuan dari Pemerintah Kabupaten Bojonegoro, khusus digunakan warga yang sakit.
""Mobil yang kecelakaan itu memang aset desa, bukan mobil siaga yang bantuan dari Pemkab,"" ujarnya.
Dapatkan update berita pilihan dan breaking news setiap hari dari Kompas.com. Mari bergabung di Grup Telegram ""Kompas.com News Update"", caranya klik link https://t.me/kompascomupdate, kemudian join. Anda harus install aplikasi Telegram terlebih dulu di ponsel.
 ",http://surabaya.kompas.com/read/2023/03/03/203115778/mobil-siaga-desa-di-bojonegoro-tercebur-ke-sungai-8-penumpang-dilarikan-ke
"Tabrakan Moge Vs Bus di Jalan Hutan Baluran Situbondo, 1 Orang Tewas","Kompas.com - 03/03/2023, 19:00 WIB","Kontributor Situbondo, Ridho Abdullah Akbar",Regional,"SITUBONDO, KOMPAS.com","
SITUBONDO, KOMPAS.com - Sebuah motor gede (moge) terlibat kecelakaan dengan bus di Jalan Hutan Baluran, Kecamatan Banyuputih, Kabupaten Situbondo, Jawa Timur, Jumat (3/3/2023) pukul 12.00 WIB.
Akibat kecelakaan itu, pengendara moge berinisial SN tewas di tempat. Saat peristiwa itu, SN sedang berkonvoi bersama sejumlah pengendara moge lainnya.
Baca juga: Dampak Banjir di Situbondo, 100 Hektare Lahan Pertanian Rusak
Rombongan moge itu pun sempat berhenti karena salah satu anggotanya terlibat kecelakaan. 
Kanit Laka Satlantas Polres Situbondo Ipda Kadek Yasa mengatakan, korban merupakan warga Jakarta Barat. Sementara pengemudi bus berinisial KA (57), berdomosili di Desa Wringinputih, Kecamatan Muncar, Banyuwangi.
""Kita langsung olah TKP, korban tidak bisa diselamatkam karena langsung meninggal dunia,"" kata Kadek Yasa saat dikonfirmasi, Jumat.
Kadek Yasa menjelaskan, rombongan moge itu berkonvoi menuju Pulau Bali. Di sekitar lokasi, pengendara berinisial SN mengendarai kendaraannya terlalu ke tengah sehingga tertabrak olhe bus angkutan umum.
""Pengendara ke tengah sehingga ditabrak (bus), ini baru olah TKP awal dan akan melakukan pemanggilan saksi-saksi lain,"" tuturnya.
Kadek Yasa menambahkan, korban sudah dievakuasi dari lokasi kejadian dan akan diserahkan kepada keluarga di Jakarta Barat. Proses pengiriman jenazah masih dipertimbangkan.
""Motornya kami amankan di kantor, kondisi kerusakan dibagian depan kendaraan karena ada benturan keras,"" katanya.
Baca juga: Pemkab Situbondo Ajukan Dana Perbaikan Rp 5 M untuk 2 Jembatan yang Hancur akibat Banjir
Korban mengalami luka di bagian hidung dan dagu. Korban juga mengalami patah tulang tangan kanan, patah tulang kaki, dan luka di bawah alat kelamin.
""Untuk pengendara bus selamat tidak ada luka,"" katanya.
Dapatkan update berita pilihan dan breaking news setiap hari dari Kompas.com. Mari bergabung di Grup Telegram ""Kompas.com News Update"", caranya klik link https://t.me/kompascomupdate, kemudian join. Anda harus install aplikasi Telegram terlebih dulu di ponsel.
 ",http://surabaya.kompas.com/read/2023/03/03/190011978/tabrakan-moge-vs-bus-di-jalan-hutan-baluran-situbondo-1-orang-tewas
"""Ngebut"", Mobil Freed Tabrak Angkot lalu Terguling dan Jatuh dari ""Flyover"" UI","Kompas.com - 01/03/2023, 05:21 WIB",M Chaerul Halim,Megapolitan,"DEPOK, KOMPAS.com","
DEPOK, KOMPAS.com - Sebuah mobil Honda Freed bernomor polisi B 1647 EYN menabrak angkutan kota (angkot) di Flyover Universitas Indonesia (UI), Beji, Depok, pada Selasa (28/2/2023) sekitar pukul 23.13 WIB.
Akibatnya, mobil Freed itu terguling lalu jatuh dari Flyover UI.
Paur Satlantas Polres Metro Depok Iptu Sucipto mengatakan, kecelakaan itu bermula ketika mobil Freed melintas dari arah Depok menuju Jakarta dengan kecepatan tinggi.
Setibanya di jalan bercabang Flyover UI, mobil tersebut menabrak angkot 04 jurusan Depok-Pasar Minggu, yang berada persis di depannya.
""Kalau menurut keterangan pengendara yang di belakangnya, dia (sopir Honda Freed) kecepatan tinggi sehingga tidak bisa menguasai kemudinya dan akhirnya nabrak angkot,"" kata Sucipto di lokasi kejadian.
Baca juga: Penampakan Semen Cor yang Jadi Kuburan Dua Wanita Korban Pembunuhan di Bekasi Utara
Sucipto berujar, mobil yang dikendarai seorang pria dengan satu penumpang perempuan itu menabrak bumper angkot.
Karena berbenturan keras, mobil Honda Freed langsung terguling lalu jatuh ke bawah flyover tersebut.
""Mobil angkot ditabrak bumper sebelah kiri, dia (sopir angkot) bisa nahan, ngerem kendaraannya, sedangkan mobil yang nabrak itu sempat guling, langsung terbang ke tempat ini,"" kata Sucipto.
Baca juga: Mahfud MD Sebut Ayah Mario Terindikasi Lakukan Pencucian Uang Sejak 2013
Sucipto belum dapat memastikan kondisi sopir honda Freed dan seorang penumpangnya.
Sebab, korban sudah dilarikan ke Rumah Sakit Bunda Margonda sebelum petugas Satlantas tiba di lokasi kejadian.
""Kalau melihat kondisi kendaraan seperti ini (ringsek), barangkali korban mengalami luka-luka,"" imbuh dia.
Dapatkan update berita pilihan dan breaking news setiap hari dari Kompas.com. Mari bergabung di Grup Telegram ""Kompas.com News Update"", caranya klik link https://t.me/kompascomupdate, kemudian join. Anda harus install aplikasi Telegram terlebih dulu di ponsel.
 ",http://megapolitan.kompas.com/read/2023/03/01/05213001/ngebut-mobil-freed-tabrak-angkot-lalu-terguling-dan-jatuh-dari-flyover-ui
"Kijang Innova Tabrak Rumah Warga di Blitar, Polisi: Kami Sedang Mengejar Pengemudi","Kompas.com - 28/02/2023, 15:55 WIB","Kontributor Blitar, Asip Agus Hasani",Regional,"BLITAR, KOMPAS.com","
BLITAR, KOMPAS.com - Kepolisian Resor (Polres) Blitar belum mengetahui motif pengemudi Kijang Innova hitam melarikan diri usai menabrak rumah warga di Desa Jeblok, Kecamatan Talun, Kabupaten Blitar, Jawa Timur.
Kasat Lantas Polres Blitar AKP Mursid Budi Hartanto mengatakan, polisi masih menyelidiki kasus kecelakaan tunggal yang terjadi pada Selasa (28/2/2023) dini hari itu.
Baca juga: Kijang Innova Bermuatan Rokok Tabrak Rumah Warga di Blitar, Sopir Kabur
""Kami sedang berusaha mengejar pengemudi. Sedang kami telusuri ke rumah sakit dan klinik-klinik jika mungkin ada orang yang datang berobat karena luka kecelakaan,"" kata Mursid saat ditemui wartawan, Selasa.
Mursid belum bisa memastikan alasan pengemudi yang diduga seorang laki-laki itu kabur dan meninggalkan Kijang Innova hitam di lokasi kecelakaan.
Mobil dengan nomor polisi D 1256 YTV itu rusak pada bagian depan akibat menabrak dinding rumah warga bernama Kamsiyah.
Rumah Kamsiyah pun rusak parah akibat kecelakaan itu. Teras rumah, sebagian atap, dan dinding ruang tamu, roboh.
Saat ditanya apakah ada kartu identitas yang ditemukan di lokasi kecelakaan, Mursid menyebut masih mencarinya.
""Sampai saat ini kami masih mencari identitas pengendara. Belum dapat,"" ujarnya.

Mursid enggan menjawab terkait kesaksian sejumlah warga yang menyebut mobil itu bermuatan rokok diduga ilegal.
""Kita mohon waktu masih kita dalami,"" ujarnya. ",http://surabaya.kompas.com/read/2023/02/28/155523578/kijang-innova-tabrak-rumah-warga-di-blitar-polisi-kami-sedang-mengejar
"Kijang Innova Bermuatan Rokok Tabrak Rumah Warga di Blitar, Sopir Kabur","Kompas.com - 28/02/2023, 13:22 WIB","Kontributor Blitar, Asip Agus Hasani",Regional,"BLITAR, KOMPAS.com","
BLITAR, KOMPAS.com - Sebuah mobil Kijang Innova menabrak rumah warga Desa Jeblog, Kecamatan Talun, Kabupaten Blitar, Jawa Timur, Selasa (28/2/2023) sekitar pukul 02.00 WIB.
Kecelakaan tunggal itu mengakibatkan rumah milik Kamsiyah (60), rusak berat. Teras rumah nyaris ambruk dan dinding salah satu sudut ruang tamu ambrol.
Baca juga: Polisi Tak Temukan Indikasi Kegiatan Terorisme pada Ledakan di Blitar
""Saya terbangun dengar suara keras bruk dua kali. Saya kira orang bongkar barang. Baru menjelang subuh saya tahu mobil nabrak rumah,"" ujar Anita kepada Kompas.com, Selasa.
Anita tak langsung keluar rumah karena mengira suara itu berasal dari aktivitas bongkar muat barang di rumah tetangga.
Saat keluar rumah menjelang subuh, Anita melihat banyak warga berkerumun di rumah Kamsiyah. Ia baru sadar ternyata suara keras yang didengar pada dini hari itu berasal dari Kijang Innova hitam yang menabrak rumah Kamsiyah.
""Mungkin suara yang pertama saat mobil menabrak rumah Bu Kamsiyah, suara kedua mungkin karena atap teras dan rumah ambruk,"" ujarnya.
Setelah subuh, Anita melihat polisi yang berada di lokasi menarik mobil dari rumah Kamsiyah.
Mobil berisi penuh rokok diduga ilegal
Warga yang tinggal di seberang rumah Kamsiyah, Agung (28) mengatakan, pengemudi mobil melarikan diri usai kejadian.
""Yang jelas mobil ditinggalkan di lokasi karena mesin tidak dapat dihidupkan akibat kerusakan yang dialami,"" kata Agung.
Warga melihat pria yang diduga sebagai sopir mobil itu kabur ke arah utara. Lokasi kejadian berada di jalan alternatif penghubung antara Blitar-Malang.

Menurut Agung, alasan sopir kabur bukan hanya karena mobil tak bisa dinyalakan. Namun, mobil itu juga berisi rokok yang diduga ilegal.
""Mobil berisi penuh rokok. Kata orang-orang rokok ilegal. Mungkin pengemudinya takut karena rokok itu,"" ujarnya.
 ",http://surabaya.kompas.com/read/2023/02/28/132204878/kijang-innova-bermuatan-rokok-tabrak-rumah-warga-di-blitar-sopir-kabur
"Belajar dari Kecelakaan BMW Masuk Parit, Ingat Jalan Raya Bukan Arena Drifting","Kompas.com - 24/02/2023, 07:12 WIB",Aprida Mega Nanda,News,BMW,"

JAKARTA, KOMPAS.com - Viral di media sosial video yang memperlihatkan satu unit BMW tercebur ke dalam parit, tepatnya di depan McDonald's Emerald Bintaro, Pondok Aren, Tangerang Selatan.
Video tersebut diunggah oleh salah satu akun Instagram bernama @abouttng. Dalam rekaman tersebut terlihat satu unit mobil BMW yang mengalami kerusakan cukup parah pada bagian depan.
Para warga yang berada disekitar tempat kejadian itu pun terlihat berusaha membantu mengeluarkan sedan mewah asal pabrikan Jerman itu dari parit yang cukup dalam.
Baca juga: Sudah Ada 282 Motor Listrik yang Lolos Uji Tipe
Berdasarkan narasi unggahan tersebut, seorang warga di sekitar lokasi mengaku hal itu terjadi saat pengendara yang diduga anak muda berusaha melakukan drifting. Namun gagal, hingga akhirnya mobil terperosok ke dalam parit. Beruntungnya tidak ada korban jiwa dalam kejadian tersebut.
Perlu digaris bawahi bahwa perilaku tak bertanggung jawab dan ceroboh dari pengguna kendaraan di jalan berisiko membahayakan. Seperti salah satunya pengemudi mobil yang memacu kendaraan dengan cepat dan gagal melakukan drifting.
Jika tidak terkontrol, akibatnya bisa fatal dan mencelakai orang lain yang berada di sekitar.


 
 
 

View this post on Instagram

 
 
 
A post shared by About Tangerang (@abouttng)


Training Director Safety Defensive Consultant Indonesia (SDCI) Sony Susmana mengatakan, drifting ini olahraga otomotif yang menitik beratkan pada sudut slip ban belakang atau istilahnya kendaraan dibuat oversteer.
“Olahraga driffing ini butuh skill tinggi yang dilakukan seorang pengemudi agar sudut slipnya terjaga di sudut tikungan dan ini tidak mudah, karena butuh latihan, jam terbang dan dasar teori yang benar serta modifikasi pada kendaraan yang disesuaikan dengan kemampuan drifternya,” ucap Sony kepada Kompas.com, Kamis (23/2/2023).
Sony melanjutkan, tidak sedikit anak-anak muda yang sering menantang satu dengan lainnya di tikungan jalan dan itu tempat-tempat umum. Harus disadari bahwa hal seperti itu memiliki banyak bahaya.
Baca juga: Cobain Kawasaki KLX 150 di IIMS 2023, Tampilan Baru Pakai Mesin Lama
“Pertama, di jalan umum banyak berseliweran kendaraan lain. Kemudian, barriernya adalah trotoar, pohon, kali dan lain-lain. Selain itu penggunaannya juga minim, bahkan hampir tidak ada. Pengemudi tidak pakai wearpack helm dan lain-lain. Serta jalan bisa saja berubah-ubah, mulai dari genangan air, bumpy dan lain-lain,” ucap Sony.
Maka dari itu ia mengimbau pengguna kendaraan bermotor roda empat tidak melakukan aksi berbahaya tersebut kecuali di arena.
“Drifter pro saja kadang ada loss controlnya, tapi yang ditabrak kan barrier buatan dan di closed area, sehingga bahaya nya kecil. Sewa arena memang mahal, saran saya lebih baik ikut komunitas, jadi bisa patungan sewa arena, menambah ilmu, bertukar informasi dan skillnya terasah dengn benar,” kata Sony.
Dapatkan update berita pilihan dan breaking news setiap hari dari Kompas.com. Mari bergabung di Grup Telegram ""Kompas.com News Update"", caranya klik link https://t.me/kompascomupdate, kemudian join. Anda harus install aplikasi Telegram terlebih dulu di ponsel.
 

",http://otomotif.kompas.com/read/2023/02/24/071200715/belajar-dari-kecelakaan-bmw-masuk-parit-ingat-jalan-raya-bukan-arena
"Nekat Terobos Lampu Merah, Pengemudi Ojol di Menteng Tertabrak Mobil hingga Terkapar","Kompas.com - 22/02/2023, 11:15 WIB",Abdul Haris Maulana,Megapolitan,"JAKARTA, KOMPAS.com -","
JAKARTA, KOMPAS.com - Sebuah kecelakaan yang melibatkan satu motor dan satu mobil terjadi di Menteng, Jakarta Pusat.
Kasatpel Perhubungan Kecamatan Menteng Frendy Manalu mengatakan, kecelakaan tersebut terjadi akibat motor yang dikendarai pengemudi ojek online (ojol) nekat menerobos lampu lalu lintas yang masih berwarna merah.
""Motor yang dari arah selatan ke utara seharusnya merah, dia menerobos lampu merah. Yang nabrak mobil dari arah barat ke arah timur,"" kata Frendy, dikutip dari video YouTube KOMPAS TV, Rabu (22/1/2023).
Baca juga: Kapolda Metro: Tidak Boleh Lagi Ada Debt Collector Pakai Kekerasan dan Meneror Warga!
Usai motornya ditabrak mobil, pengemudi ojol dan penumpangnya yang merupakan seorang wanita langsung terpental ke jalanan.
Kencangnya benturan membuat pengemudi ojek online dan penumpangnya terkapar di jalan.
Helm yang sebelumnya dipakai oleh pengemudi ojek online pun terlihat terlepas hingga membuat ia terus memegangi kepalanya.
Baca juga: Miris Pelecehan Kembali Terjadi di Bus Transjakarta, Korban dan Penumpang Lain Bahu-membahu Tangkap Pelaku
Selang beberapa waktu, pejalan kaki dan pengendara lain langsung menolong kedua korban.
Setelah itu, pengemudi ojek online dan penumpangnya langsung dibawa ke puskesmas.
Sementara pengemudi mobil yang menabrak dibawa ke Polsek Metro Menteng untuk diperiksa.
Baca juga: Saat Pertanyaan Iseng Heru Budi Bikin Emak-emak Se-Posyandu Tertawa...
Beruntung, tidak ada korban jiwa dalam kecelakaan ini, melainkan terjadi kerusakan pada mobil penabrak dan motor pengemudi ojol.
Dapatkan update berita pilihan dan breaking news setiap hari dari Kompas.com. Mari bergabung di Grup Telegram ""Kompas.com News Update"", caranya klik link https://t.me/kompascomupdate, kemudian join. Anda harus install aplikasi Telegram terlebih dulu di ponsel.
 ",http://megapolitan.kompas.com/read/2023/02/22/11154221/nekat-terobos-lampu-merah-pengemudi-ojol-di-menteng-tertabrak-mobil
Pelajar SMP Tewas Ditabrak Truk Saat Hindari Jalan Berlubang di Riau,"Kompas.com - 22/02/2023, 10:10 WIB","Kontributor Pekanbaru, Idon Tanjung",Regional,"PEKANBARU, KOMPAS.com","
PEKANBARU, KOMPAS.com- Kecelakaan lalu lintas dampak dari jalan berlubang yang mengakibatkan korban tewas kembali terjadi di Provinsi Riau.
Kali ini, korban seorang pelajar sekolah menengah pertama (SMP) bernama Sabrina Putri Angraini (15).
Korban tewas ditabrak mobil dumtruk, yang mengakibatkan korban tewas di lokasi tabrakan, di Jalan Pertamina, Desa Pangkalan Pisang, Kecamatan Koto Gasib, Kabupaten Siak.
Baca juga: Bocah Laki-laki di Bogor Tewas Ditabrak Truk yang Dihentikan Paksa Saat Melintas
Kapolres Siak AKBP Ronald Sumaja menyebut, peristiwa itu terjadi pada Senin (20/2/2023) pagi.
""Korban mengalami kecelakaan lalu lintas pada saat pergi ke sekolah,"" sebut Ronald dalam keterangan tertulis yang diterima Kompas.com, Rabu (22/2/2023).
Ronald mengatakan, korban awalnya berangkat ke sekolah menggunakan sepeda motor memboncengi seorang teman sekolahnya, Meilani (14).
Setibanya di kilometer 2 jalan menikung, korban menghindari jalan berlubang dan mengarahkan sepeda motornya ke tengah jalan.
Pada saat bersamaan, datang mobil dumtruk menabrakkan sepeda motor korban.
Baca juga: Pemilik Warung di Kediri Tewas Ditabrak Truk Saat Sedang Tidur Pulas
Korban tewas di tempat, sedangkan temannya mengalami luka berat dan dibawa ke rumah sakit.
""Korban meninggal dunia mengalami luka berat pada bagian kepala. Sementara rekannya mengalami luka berat dan dirujuk ke RSUD Siak,"" kata Ronald.
 ",http://regional.kompas.com/read/2023/02/22/101047278/pelajar-smp-tewas-ditabrak-truk-saat-hindari-jalan-berlubang-di-riau
"Pikap Tabrak Satu Keluarga yang Sedang Jalan Kaki di Manggarai, Bayi 3 Bulan Meninggal","Kompas.com - 21/02/2023, 07:33 WIB","Kontributor Labuan Bajo, Nansianus Taris",Regional,MANGGARAI,"

MANGGARAI, KOMPAS.com - Sebuah mobil pikap menabrak satu keluarga yang sedang berjalan kaki di Desa Golo Lambo, Kecamatan Satarmese, Kabupaten Manggarai, Nusa Tenggara Timur (NTT), pada Senin (20/2/2023). Akibatnya, satu korban, yakni bayi berusia 3 bulan meninggal dunia.
Kepala Unit Kecelakaan Lalu Lintas Satuan Lalu Lintas Polres Manggarai, Aipda Arif Rahman menjelaskan, kecelakaan lalu lintas itu bermula saat seorang ibu yang sedang menggendong bayi berjalan kaki di pinggir jalan bersama dua anaknya yang lain.
Baca juga: Bhabinkamtibmas di Manggarai Barat Dianiaya oleh Warga, Bermula Mengajak Hadir Mediasi 
Pada saat bersamaan, mobil pikap berwarna putih melaju dari arah barat.
Pikap itu lantas menabrak satu keluarga yang sedang berjalan kaki tersebut.
""Mobil pikap menabrak para korban sejumlah empat orang, satu di antaranya seorang bayi berumur 3 bulan. Akibatnya, bayi yang sedang digendong ibunya meninggal dunia. Tiga korban mengalami luka-luka,” jelas Aipda Arif dalam keterangan tertulis yang diterima Kompas.com, Senin malam.
Baca juga: Diduga Cabuli Balita, Mantan Anggota DPRD Manggarai Timur Jadi Tersangka dan Ditahan
Arif mengatakan, penyebab kecelakaan tersebut diduga karena pengemudi mengemudi kendaraan dalam keadaan tidak konsentrasi.
“Pengemudinya sudah kita amankan untuk proses lebih lanjut,” imbuh dia.


Dapatkan update berita pilihan dan breaking news setiap hari dari Kompas.com. Mari bergabung di Grup Telegram ""Kompas.com News Update"", caranya klik link https://t.me/kompascomupdate, kemudian join. Anda harus install aplikasi Telegram terlebih dulu di ponsel.
 ",http://regional.kompas.com/read/2023/02/21/073354478/pikap-tabrak-satu-keluarga-yang-sedang-jalan-kaki-di-manggarai-bayi-3-bulan
"2 Bus Rombongan TK Asal Blitar Kecelakaan di Pasuruan, 16 Orang Dilarikan ke RS","Kompas.com - 15/02/2023, 09:47 WIB","Kontributor Kabupaten Malang, Imron Hakiki",Regional,"PASURUAN, KOMPAS.com","
PASURUAN, KOMPAS.com - Sebanyak dua bus pariwisata yang ditumpangi rombongan TK Al-Hidayah Blitar mengalami kecelakaan di kawasan Desa Watuagung, Kecamatan Prigen, Kabupaten Pasuruan, Selasa (14/2/2023), pukul 17.30 WIB.
Peristiwa itu mengakibatkan 16 dari 118 penumpang mengalami luka-luka, 15 di antaranya luka ringan dan satu orang luka berat.
Baca juga: Viral, Video Singa Tabrak Mobil Pengunjung Taman Safari Prigen Pasuruan, Pengelola Enggan Komentar
Kasat Lantas Polres Pasuruan AKP Yudhi Anugrah Putra membenarkan kecelakaan itu. Polisi telah melakukan olah tempat kejadian perkara (TKP) hingga larut malam.
""Tidak ada korban jiwa akibat peristiwa ini. Hanya korban luka-luka, dan mereka sudah dievakuasi ke rumah sakit,"" ungkap Yudhi melalui pesan singkat, Rabu (15/2/2023) pagi.
Kondisi bus yang terlibat kecelakaan tersebut rusak parah. Selain itu, dua rumah, satu warung, satu mushala, dan empat motor yang parkir, juga mengalami kerusakan akibat diseruduk dua bus itu.
""Saat ini tinggal menunggu evakuasi untuk dua unit bus-nya,"" terangnya.

Kronologi kecelakaan
Yudhi menceritakan, kecelakaan itu bermula ketika dua bus itu melaju beriringan dari arah Taman Safari II Prigen menuju Blitar.
Tiba di lokasi kejadian yang merupakan jalan menurun, bus kedua tiba-tiba menabrak bus di depannya hingga terguling.
Hal itu diduga terjadi karena bus kedua yang dikemudikan sopir berinisial H, mengalami rem blong. Akibatnya, pengemudi tak bisa mengendalikan bus itu.
Baca juga: Sidang Perdana Praperadilan Mantan Wali Kota Blitar Berlangsung Singkat
""Dari hasil olah TKP, kami juga tidak menemukan adanya sisa rem. Jadi bisa disimpulkan bus mengalami rem blong,"" pungkasnya.
Hingga Selasa (14/2/2023) dini hari, arus lalu lintas masih difungsikan satu lajur karena adanya unit bus yang menghalangi lajur kanan.
Dapatkan update berita pilihan dan breaking news setiap hari dari Kompas.com. Mari bergabung di Grup Telegram ""Kompas.com News Update"", caranya klik link https://t.me/kompascomupdate, kemudian join. Anda harus install aplikasi Telegram terlebih dulu di ponsel.
 ",http://surabaya.kompas.com/read/2023/02/15/094707078/2-bus-rombongan-tk-asal-blitar-kecelakaan-di-pasuruan-16-orang-dilarikan-ke
"Truk Boks Tabrak Tronton di Tol Ngawi, 1 Orang Tewas","Kompas.com - 15/02/2023, 09:36 WIB","Kontributor Magetan, Sukoco",Regional,"NGAWI, KOMPAS.com","
NGAWI, KOMPAS.com - Sebuah truk jenis boks dengan nomor polisi B 9702 FCK yang dikemudikan Joko Trianto (45), warga Kabupaten Semarang, menyeruduk sebuah tronton di Jalan Tol Ngawi-Kertosono.
Tronton yang ditabrak truk boks itu dikendarai Susanto (46), warga Kelurahan Jekulo, Kabupaten Kudu, Jawa Tengah.
Baca juga: Detik-detik Warga di Ngawi Tewas Tertabrak Kereta Api, Masinis Sempat Bunyikan Klakson
Kasat Lantas Polres Ngawi AKP Fahmi Adiatma mengatakan, pengemudi truk boks diduga mengantuk sehingga menabrak bagian belakang tronton.
“Kejadiannya tadi pagi sekitar pukul 04:30 WIB. Diduga sopir kurang hati hati dalam memandu kendaraannya, sehingga menabrak truk yang melaju di depannya,” ujar Fahmi melalui pesan singkat, Rabu (15/2/2023).
Fahmi menjelaskan, kecelakaan itu terjadi di Kilometer 578+200B, tepatnya di Desa Watualang, Kabupaten Ngawi.
Akibat kecelakaan itu, Joko Trianto mengalami luka parah dan meninggal di lokasi kejadian.
“Sopir truk bos meninggal di lokasi kejadian, langsung dievakuasi ke kamar mayat RSUD Soeroto,” imbuhnya.
Sementara itu, penumpang tuk boks bernama Susanto (42), warga Desa Asinan, Semarang, mengalmi luka di bagian kaki karena tergencet bodi truk.
Baca juga: Jalan Akses Blora-Ngawi Sepanjang 13 Kilometer Rusak Parah
Truk boks yang dikendarai JT rusak parah di bagian depan. Kedua kendaraan yang terlibat kecelakaan itu telah dibawa ke Pos Lalu Lintas Polres Ngawi.
“Penumpang truk atas nama Susanto mengalami luka luka pada kedua kaki dan saat ini juga sudah dievakuasi ke RSUD Soeroto Ngawi,” kata Fahmi.
Dapatkan update berita pilihan dan breaking news setiap hari dari Kompas.com. Mari bergabung di Grup Telegram ""Kompas.com News Update"", caranya klik link https://t.me/kompascomupdate, kemudian join. Anda harus install aplikasi Telegram terlebih dulu di ponsel.
 ",http://surabaya.kompas.com/read/2023/02/15/093611278/truk-boks-tabrak-tronton-di-tol-ngawi-1-orang-tewas
"Tabrak Bus di Jalan Madiun-Surabaya, Pengendara Motor Tewas di Tempat","Kompas.com - 15/02/2023, 09:02 WIB","Kontributor Solo, Muhlis Al Alawi",Regional,"MADIUN, KOMPAS.com ","
MADIUN, KOMPAS.com - Seorang pengendara motor dilaporkan tewas setelah menabrak Bus Mira jurusan Surabaya-Madiun di Jalan Madiun-Surabaya, Desa Garon, Kecamatan Balerejo, Kabupaten Madiun, Jawa Timur, Senin (13/2/2023) malam.
Kanit Gakum Satlantas Polres Madiun Ipda Roni Susanto mengatakan, pengendara motor itu menabrak Bus Mira yang melaju dari arah berlawanan. 
Baca juga: Sudah Jadi Tersangka, Terduga Pelaku Pencabulan Anak di Madiun Masih Berkeliaran
“Korban meninggal atas nama Alexander Alif Rintono, warga Desa Bagi, Kecamatan Madiun, Kabupaten Madiun,” ujar Roni saat dikonfirmasi, Rabu (15/2/2023).
Roni menyebut, kecelakaan itu bermula saat sepeda motor Honda Vario bernomor polisi AE 2321 EZ dikemudikan Alex melaju dari arah Madiun menuju Surabaya.
Tiba di lokasi kejadian, tepatnya pada jalan yang menikung, Alex hendak mendahului truk di depannya.
Saat mendahului, motor yang dikendarai korban berjalan terlalu ke kanan sehingga menabrak Bus Mira dengan nomor polisi S 7266 US yang melaju dari arah berlawanan.
Akibat kecelakaan itu, pengendara motor tewas di tempat. Sementara sopir dan penumpang bus tak terluka.
Baca juga: 175 Barang Milik Penumpang Kereta Api Tertinggal di Wilayah Daop 7 Madiun, Ini Penanganannya
Polisi masih mendalami penyebab kecelakaan itu. Polisi telah turun ke lokasi untuk melakukan olah tempat kejadian perkara.
Usai kejadian, jenazah korban dibawa ke rumah sakit terdekat. Sementara pengemudi bus diperiksa terkait kecelakaan yang menelan korban jiwa itu.
Dapatkan update berita pilihan dan breaking news setiap hari dari Kompas.com. Mari bergabung di Grup Telegram ""Kompas.com News Update"", caranya klik link https://t.me/kompascomupdate, kemudian join. Anda harus install aplikasi Telegram terlebih dulu di ponsel.
 ",http://surabaya.kompas.com/read/2023/02/15/090232578/tabrak-bus-di-jalan-madiun-surabaya-pengendara-motor-tewas-di-tempat
"Tabrak Mobil, Pengemudi Ojol Jatuh lalu Tewas Terlindas Truk Trailer di Bekasi","Kompas.com - 13/02/2023, 18:44 WIB",Joy Andre,Megapolitan,"BEKASI, KOMPAS.com","
BEKASI, KOMPAS.com - Seorang pria yang merupakan pengemudi ojek online (ojol) tewas setelah terlindas truk trailer di Jalan Jenderal Ahmad Yani, Bekasi Selatan, Kota Bekasi, pada Senin (13/2/2023) siang.
Seorang saksi bernama Aril (28) berujar, korban awalnya mengemudikan motor seorang diri di lajur paling kiri.
""Korban jalan tanpa penumpang, awalnya juga jalan pelan-pelan banget, di pinggir (sisi kiri),"" ujar Aril kepada wartawan di lokasi kejadian, Senin.
Baca juga: Penumpang Taksi Online Histeris saat Sopir Fortuner Ngamuk dan Rusak Mobil
Aril mengungkapkan, saat itu ada satu unit mobil Honda Brio merah yang melaju di depan korban.
Namun, arah mobil itu terlihat membingungkan, sehingga korban kagok dan menabrak bagian belakang mobil tersebut.
""Korban kagok dengan mobil merah (di depannya), dia enggak tahu mobil merah mau belok atau mau ke mana. Jadi, korban nabrak mobil merah, jatuh ke kanan terus kelindas truk,"" ungkap Aril.
Baca juga: My Jenderal, Sebutan Khusus dari Linda untuk Teddy Minahasa di Ponselnya 
Ketika terjatuh, bagian kepala korban masuk ke kolong truk trailer. Akibatnya, korban tewas di lokasi dengan luka berat di kepalanya.
""Meninggal di tempat, soalnya enggak kelihatan bergerak, lukanya juga di kepala,"" imbuh Aril.
Tak berselang lama, satu unit ambulans datang ke lokasi dan langsung mengangkut korban.
Korban kemudian langsung dibawa Rumah Sakit Umum Daerah (RSUD) Kota Bekasi.
Hingga kini, polisi belum memberikan keterangan resmi terkait identitas semua pihak, baik korban, pengemudi Honda Brio, ataupun sopir truk trailer tersebut.
Dapatkan update berita pilihan dan breaking news setiap hari dari Kompas.com. Mari bergabung di Grup Telegram ""Kompas.com News Update"", caranya klik link https://t.me/kompascomupdate, kemudian join. Anda harus install aplikasi Telegram terlebih dulu di ponsel.
 ",http://megapolitan.kompas.com/read/2023/02/13/18440831/tabrak-mobil-pengemudi-ojol-jatuh-lalu-tewas-terlindas-truk-trailer-di
"Kecelakaan Saat Berangkat Dinas, Anggota Polisi Asal Lamongan Tewas","Kompas.com - 13/02/2023, 15:45 WIB","Kontributor Gresik, Hamzah Arfah",Regional,GRESIK,"

GRESIK, KOMPAS.com - Seorang anggota kepolisian berinisial ABS (20) tewas usai sepeda motor yang dikendarainya bertabrakan dengan angkot di Jalan Raya Desa Sumengko, Kecamatan Duduksampeyan, Gresik, Jawa Timur, pada Minggu (12/2/2023) pagi.
Kanit Laka Lantas Polres Gresik Ipda Wiji Mulyono mengatakan, ABS yang merupakan warga Desa Karanglangit, Kecamatan Lamongan, Kabupaten Lamongan, itu bertugas di lingkup Polda Jawa Timur.
""Kejadiannya Minggu pagi sekitar pukul 06.00 WIB, dengan dilaporkan setengah jam setelah kejadian (06.30 WIB). Korban anggota polisi dan tadi pagi kami juga sudah ke rumah duka di Lamongan, dengan penuturan dari pihak keluarga bahwa korban sebenarnya hendak berangkat dinas,"" ujar Wiji saat dihubungi, Senin (13/2/2023).
Baca juga: Aniaya 2 Warga Pakai Celurit, Seorang Pria di Gresik Ditangkap
Insiden kecelakaan itu bermula saat korban mengendarai sepeda motor Honda Beat dengan nomor polisi S 4974 JBP. Ketika itu, korban melaju dari arah utara di Jalan Raya Desa Sumengko dengan kecepatan sedang.
Saat melintas di lokasi kejadian, korban mencoba mendahului pengendara sepeda motor lain yang berada di depannya dari sisi sebelah kanan.
Baca juga: 2 Siswi MTs di Gresik Ubah Daun Pepaya Jadi Bubuk Anti-larva Nyamuk
""Pada saat bersamaan, berjalan angkot dengan Nopol (nomor polisi) W 1861 UA yang dikemudikan oleh Ramelan. Angkot berjalan dari arah berlawanan,"" ucap Wiji.
Karena jarak sudah dekat, korban tidak bisa menghindar dan akhirnya bertabrakan. Korban mengalami luka parah dan kemudian dibawa ke rumah sakit.
""Korban meninggal dunia usai sempat menjalani perawatan, akibat luka parah yang dialami. Sudah dimintakan visum juga di RSUD (Rumah Sakit Umum Daerah) Ibnu Sina Gresik,"" kata Wiji.


Dapatkan update berita pilihan dan breaking news setiap hari dari Kompas.com. Mari bergabung di Grup Telegram ""Kompas.com News Update"", caranya klik link https://t.me/kompascomupdate, kemudian join. Anda harus install aplikasi Telegram terlebih dulu di ponsel.
 ",http://surabaya.kompas.com/read/2023/02/13/154541078/kecelakaan-saat-berangkat-dinas-anggota-polisi-asal-lamongan-tewas
"3 Motor Terlibat Kecelakaan di Lombok Tengah, Satu Orang Tewas","Kompas.com - 09/02/2023, 23:44 WIB","Kontributor Lombok Tengah, Idham Khalid",Regional,"LOMBOK TENGAH, KOMPAS.com ","
LOMBOK TENGAH, KOMPAS.com - Sebanyak tiga motor terlibat kecelakaan beruntun di Jalan Desa Jelantik, Kecamatan Jonggat, Kabupaten Lombok Tengah, Nusa Tenggara Barat (NTB), Kamis (9/2/2023) sore.
Akibat kecelakaan itu, seorang pengendara motor berinisial RR (16), warga Desa Puyung Kecamatan Jonggat, Lombok Tengah, tewas.
Baca juga: Saat Mahasiswa dari Norwegia dan Swedia Memainkan Gendang Belek di Lombok Tengah...
Kecelakaan itu melibatkan Honda Vario dengna nomor polisi DR 3485 CF yang dikendarai RR dan Honda Supra X 125 dengan nomor polisi DR 4559 V yang dikendarai LNY (41).
Lalu, Honda Vario dengan nomor polisi DR 2985 BY yang dikendarai pria berinisial T (56). T membonceng seorang perempuan berinisial SH (49).
Kasat Lantas Polres Lombok Tengah AKP Gede Putu Caka mengatakan, kecelakaan bermula ketika Honda Vario yang dikendarai RR melaju dari arah Praya menuju Mataram. RR mencoba mendahului kendaraan di depannya.
""Saat hendak mendahului, RR sempat menyerempet sepeda motor Honda Vario dengan nomor polisi DR 2985 BY yang dikendarai T (56) yang  berboncengan dengan SH (49)  berada di depannya,"" kata Caka dalam keterangan tertulis, Kamis.

Kondisi itu membuat motor RR oleng ke kanan dan masuk ke jalur berlawanan. Pada saat bersamaan, motor Honda Supra X 125 yang dikendarai LNY melaju dari arah berlawanan dan menabrak motor RR.
""Akibat peristiwa tersebut  LNY, T, dan SH mengalami luka-luka, kemudian semua korban dilarikan ke Puskesmas Puyung untuk mendapatkan perawatan medis, namun nyawa RR tidak dapat tertolong yang akhirnya meninggal dunia,"" kata Caka.
Baca juga: Kepala Desa di Lombok Tengah Diduga Lecehkan TKW, Didemo Massa hingga Diminta Bersumpah
Caka menambahkan, anggota Unit Laka Lantas Polres Lombok Tengah langsung menuju lokasi melakukan olah tempat kejadian perkara (TKP), meminta keterangan saksi, dan mengamankan barang bukti.
""Peristiwa laka lantas tersebut sudah ditangani dan semua barang bukti telah diamankan di unit laka lantas  Polres Lombok Tengah untuk dilakukan proses penyidikan dan penyelidikan lebih lanjut,"" ungkap Caka.
Dapatkan update berita pilihan dan breaking news setiap hari dari Kompas.com. Mari bergabung di Grup Telegram ""Kompas.com News Update"", caranya klik link https://t.me/kompascomupdate, kemudian join. Anda harus install aplikasi Telegram terlebih dulu di ponsel.
 ",http://regional.kompas.com/read/2023/02/09/234411578/3-motor-terlibat-kecelakaan-di-lombok-tengah-satu-orang-tewas
"Bus Jurusan Surabaya-Bojonegoro Tabrak 2 Motor, 4 Orang Tewas","Kompas.com - 08/02/2023, 23:40 WIB","Kontributor Tuban, Hamim",Regional,"BOJONEGORO, KOMPAS.com -","
BOJONEGORO, KOMPAS.com -  Sebuah Bus Angkutan Kota Dalam Provinsi (AKDP) PO Dalimas jurusan Surabaya-Bojonegoro menabrak empat pengendara motor hingga tewas.
Kepala Unit Penegakan Hukum (Gakkum) Satlantas Polres Bojonegoro Ipda Imam Wahyudi mengatakan, peristiwa tersebut terjadi di Jalan Raya Babat-Bojonegoro, tepatnya di Desa Mejuwet, Kecamatan Sumberejo, Kabupaten Bojonegoro, Jawa Timur, Selasa (7/2/2023).
Baca juga: Tim Damkar Bojonegoro Selamatkan Seekor Sapi dari Dalam Sumur
Kejadiannya bermula saat bus dengan nomor polisi S 7792 UA yang dikendarai S (60), melaju dari arah timur menuju barat.
Setibanya di lokasi kejadian, pengemudi bus membanting setir ke kanan untuk menghindari pemotor di depannya yang berbelok secara mendadak.
Karena jarak sudah dekat, bus yang mengangkut penumpang dari arah Surabaya tersebut akhirnya menabrak dua sepeda motor dengan nomor polisi S 4577 ABE dan W 2058 ZE yang berada di depannya.
Akibat kecelakaan tersebut, satu korban meninggal di lokasi kejadian dan tiga korban lainnya meninggal saat menjalani perawatan di rumah sakit.

Korban tewas tersebut merupakan warga Desa Mejuwet, Kecamatan Sumberejo, Kabupaten Bojonegoro. Di antaranya Agung Prasetyo (33) bersama istrinya, Siti Arifatul Amalia (30), dan anaknya, Nadine (40).
Lalu, korban terakhir bernama Totok (40).
""Korban meninggal dengan luka yang cukup parah di tubuhnya,"" kata Imam Wahyudi, saat dikonfirmasi Kompas.com, Rabu (8/2/2023).
Baca juga: 4 Pegawai Dinsos Bojonegoro Terjatuh dari Pintu Bak Truk, 1 Orang Tewas
Imam menyampaikan, polisi masih memeriksa pengemudi bus tersebut.
""Sopir sudah kita tahan dan sudah kita lakukan pemeriksaan lanjutan, petugas kami juga sudah melakukan pemeriksaan dan olah TKP di lokasi kejadian,"" terangnya.
Dapatkan update berita pilihan dan breaking news setiap hari dari Kompas.com. Mari bergabung di Grup Telegram ""Kompas.com News Update"", caranya klik link https://t.me/kompascomupdate, kemudian join. Anda harus install aplikasi Telegram terlebih dulu di ponsel.
 ",http://surabaya.kompas.com/read/2023/02/08/234039578/bus-jurusan-surabaya-bojonegoro-tabrak-2-motor-4-orang-tewas
"Dahului Xenia, Truk Bermuatan Garam Terguling di Ponorogo, 2 Korban Terluka","Kompas.com - 07/02/2023, 15:43 WIB","Kontributor Solo, Muhlis Al Alawi",Regional,PONOROGO,"

PONOROGO, KOMPAS.com - Dua orang terluka setelah truk boks yang memuat garam terguling di ruas jalan jurusan Ponorogo-Wonogiri Kilometer 4-5, Desa Karanglo Lor, Kecamatan Sukorejo, Kabupaten Ponorogo, Jawa Timur, Senin (6/2/2023) sore.
Kanit Gakum Sat Lantas Polres Ponorogo, Iptu Immamudin menyatakan, dua korban yang terluka itu merupakan penumpang truk boks.
“Dua penumpang truk terluka robek pada bagian tangan. Sedangkan pengemudinya dalam kondisi sehat,” ujar Imam saat dikonfirmasi Kompas.com, Selasa (7/2/2023).
Baca juga: Mobil Brio yang Dikemudikan Mahasiswa Tabrak Bapak dan Anak Balita di Ponorogo, Polisi: Kecepatan Termasuk Tinggi
Ia mengatakan, kecelakaan itu bermula saat kendaraan truk boks Mitsubishi bernomor polisi AE 9368 S yang dikemudikan Nurhadi berjalan dari arah Ponorogo menuju Wonogiri. Selain pengemudi, di dalam truk itu juga ada penumpang, yakni Suyanto dan Eko Priyono.
Sesampainya di lokasi kejadian, truk boks yang melaju dengan kecepatan 50 kilometer per jam mendahului mobil Daihatsu Xenia bernomor polisi AE 1007 VM. Celakanya, saat mendahului, truk boks tersebut oleng hingga terguling di badan jalan.
Baca juga: Dokter di Ponorogo Ditipu Pria yang Dikenal Lewat Aplikasi Kencan, Mobil Korban Raib
“Truk boks itu terguling di badan jalan. Sementara mobil Xenia yang dikemudikan Arnes Saputra mengetahui kendaraan truk boks di depanya terguling di badan jalan berusaha menghindar ke kiri. Namun akhirnya mobil Xenia itu menabrak pohon yang berada di sebelah kiri jalan,” kata Imam.
Imam menyebut, kecelakaan itu terjadi lantaran pengemudi kendaraan truk boks saat mengemudi tidak penuh konsentrasi.
Usai kecelakaan, lanjut Imam, petugas sempat memberlakukan sistem buka tutup arus lalu lintas untuk proses evakuasi korban dan kendaraan. Setelah berhasil dievakuasi, arus lalu lintas kembali normal.
Dua korban luka langsung dilarikan ke puskesmas terdekat untuk mendapatkan perawatan.
Akibat kecelakaan itu, kerugian material mencapai Rp 10 juta. Tak hanya itu, garam yang dimuat truk itu pun berhamburan di jalan.


Dapatkan update berita pilihan dan breaking news setiap hari dari Kompas.com. Mari bergabung di Grup Telegram ""Kompas.com News Update"", caranya klik link https://t.me/kompascomupdate, kemudian join. Anda harus install aplikasi Telegram terlebih dulu di ponsel.
 ",http://surabaya.kompas.com/read/2023/02/07/154301178/dahului-xenia-truk-bermuatan-garam-terguling-di-ponorogo-2-korban-terluka
"Tabrak Truk yang Parkir di Pinggir Jalan, Pengendara Asal Lombok Timur Tewas","Kompas.com - 06/02/2023, 20:46 WIB","Kontributor Lombok Tengah, Idham Khalid",Regional,"LOMBOK TENGAH, KOMPAS.com ","
LOMBOK TENGAH, KOMPAS.com - Seorang pengendara sepeda motor berinisial BSM (25), warga Desa Masbagik Timur, Kecamatan Masbagik, Kabupaten Lombok Timur, tewas setelah menabrak bagian belakang truk di pinggir jalan, Senin (6/2/2023) malam.
Kapolsek Batukliang Iptu Geger Maspanji Surenggana mengatakan, kecelakaan bermula ketika korban bersama temannya berinisial IGM (36), berboncengan menggunakan motor Honda Vario dengan nomor polisi DK 5642 QD.
Baca juga: Warga Lombok Timur Hilang Terseret Ombak Saat Memancing di TWA Gunung Tunak
""Pengendara sepeda motor datang dari arah barat menuju timur (jalur Mataram-Lombok Timur) dengan kecepatan yang tinggi, sesampainya di TKP langsung menabrak truk Fuso yang sedang parkir di area badan jalan arah ke timur (arah Lombok Timur),"" ungkap Geger saat dikonfirmasi, Senin.
Sopir truk dengan nomor polisi EA 8509 YZ itu adalah A, warga Desa Kanda, Kecamatan Dompu, Kabupaten Dompu.

Kecelakaan diduga terjadi karena pengendara motor tidak bisa mengendalikan laju kendaraan. Apalagi, jalanan tersebut licin karena hujan deras yang turun.
""Atas kejadian tersebut pengendara sepeda motor dan yang dibonceng mengalami luka yang cukup serius akibat benturan keras pada bagian belakang truk Fuso sehingga pengendara sepeda motor meninggal dunia di TKP,"" kata Geger.
Setelah mendapat informasi kecelakaan itu, anggota Polsek Batukliang menuju ke lokasi dan melakukan olah tempat kejadian perkara (TKP). Polisi meminta keterangan saksi dan mengamankan barang bukti serta menghubungi Unit Laka Lantas Polres Lombok Tengah.
Baca juga: Polisi Periksa 8 Saksi Kasus Pembakaran Hotel di Lombok Timur
Selanjutnya warga di sekitar lokasi bersama anggota Polsek Batukliang langsung mengevakuasi korban menuju Puskesmas Mantang untuk mendapat perawatan.
""Keluarga korban meninggal dunia sudah datang menjemput jenazah korban untuk dilakukan pemakaman,"" jelas Kapolsek Batukliang itu.
Dapatkan update berita pilihan dan breaking news setiap hari dari Kompas.com. Mari bergabung di Grup Telegram ""Kompas.com News Update"", caranya klik link https://t.me/kompascomupdate, kemudian join. Anda harus install aplikasi Telegram terlebih dulu di ponsel.
 ",http://regional.kompas.com/read/2023/02/06/204644278/tabrak-truk-yang-parkir-di-pinggir-jalan-pengendara-asal-lombok-timur-tewas
"Hindari Pengendara Motor yang Ugal-ugalan, Truk Bermuatan Gabah Terguling Ke Sungai","Kompas.com - 06/02/2023, 18:24 WIB","Kontributor Magetan, Sukoco",Regional,"MAGETAN, KOMPAS.com","
MAGETAN, KOMPAS.com  - Sebuah truk bermuatan gabah dengan nomor polisi AE 8519 UJ yang dikendarai warga Ponorogo bernama Ahmad Soleh terguling di pertigaan Kecamatan Karangrejo, Kabupaten Magetan, Jawa Timur.
Truk itu masuk ke sungai usai menghindari seorang pelajar yang mengendarai motor secara ugal-ugalan.
Baca juga: Mengenal Durian Kentang dari Magetan, Durian Kecil yang Dibiarkan Jatuh dari Pohon
Ahmad mengatakan, pengendara motor itu tiba-tiba menyeberang dari arah timur menuju utara. Padahal, lampu lalu lintas saat itu menyala merah.
“Saya langsung ngerem sambil banting setir ke kiri karena tiba-tiba anak sekolah pakai motor melintas menyeberang jalan, padahal lampu trafik di kita masih hijau,” ujar Ahmad Soleh ditemui di lokasi kejadian, Senin (6/2/2023).
Ahmad mengaku memilih membanting setir ke kanan karena truk yang dikendarainya sangat berdekatan dengan sepeda motor itu. 
Akibat kecelakaan tersebut, muatan gabah dari truk itu terendam oleh air sungai.
Baca juga: Warga Magetan Tembak Ular Piton dengan Senapan Angin, Ditemukan di Kandang Ayam
“Menghindarnya turun dari aspal, kemudian terguling itu. Muatannya gabah mau kita bawa dari Pati ke Ponorogo,” katanya.
Tak ada korban jiwa dalam kecelakaan tersebut. Polres Ngawi juga mengevakuasi truk yang masuk ke sungai.
Dapatkan update berita pilihan dan breaking news setiap hari dari Kompas.com. Mari bergabung di Grup Telegram ""Kompas.com News Update"", caranya klik link https://t.me/kompascomupdate, kemudian join. Anda harus install aplikasi Telegram terlebih dulu di ponsel.
 ",http://surabaya.kompas.com/read/2023/02/06/182416478/hindari-pengendara-motor-yang-ugal-ugalan-truk-bermuatan-gabah-terguling-ke
Belajar dari Kecelakaan Maut di Hunan China yang Libatkan 49 Kendaraan,"Kompas.com - 06/02/2023, 08:42 WIB",Ruly Kurniawan,Tips N Trik,"JAKARTA, KOMPAS.com -","

JAKARTA, KOMPAS.com - Kecelakaan maut yang melibatkan 49 kendaraan terjadi di Distrik Wangcheng, Provinsi Hunan, China sekitar pukul 17.00 waktu setempat, Sabtu (4/2/2023) .
Peristiwa yang sangat cepat tersebut, merupakan akumulasi dari lima kecelakaan yang berlangsung dalam rentang 10 menit. Akibatnya, 16 orang dilaporkan tewas dan 66 lainnya terluka dan sudah dibawa ke rumah sakit setempat.
Melansir China Daily, Minggu (5/2/2023), kini petugas setempat masih melakukan investigasi terkait kecelakaan ini. Tapi menurut laporan warga, sempat terlihat truk terbakar yang akhirnya menabrak sejumlah mobil di depan.
Baca juga: Pembatasan BBM Solar Subsidi, Mobil Pribadi Dapat Jatah 60 Liter
dok.AFP Kecelakaan maut yang melibatkan 49 kendaraan terjadi di Distrik Wangcheng, Provinsi Hunan, China sekitar pukul 17.00 waktu setempat, Sabtu (4/2/2023) .
""Semua dari 66 orang yang terluka telah dirawat di rumah sakit. Delapan dari mereka terluka parah tetapi tetap dalam kondisi stabil,"" kata Polisi Lalu Lintas Changsha.
Hingga Minggu, 5 Februari 2023 dilaporkan sudah ada 182 petugas pemadam kebakaran yang dikirim ke lokasi untuk operasi penyelamatan dan menekan dampak negatif insiden dimaksud.
Menanggapi insiden tersebut, Training Director Safety Defensive Consultant Indonesia (SDCI) Sony Susmana mengingatkan kembali pentingnya menjaga emosi dan selalu atur manajemen waktu ketika berkendara.
Terlebih, ketika saat terjadi libur panjang atau momentum tertentu yang diprediksi akan terjadi kepadatan arus lalu lintas.
Baca juga: Berapa Gaji Sopir Taksi Blue Bird? Begini Hitungannya
Shutterstock Ilustrasi kecelakaan kendaraan. 8 orang tewas dalam kecelakaan pikap di Ciamis, Jawa Barat, Senin (8/8/2022).
""Perlu diketahui bahwa China salah satu negara tersibuk lalu lintasnya baru-baru ini. Hal tersebut karena mereka baru melonggarkan pembatasan aktivitas sosial pasca pandemi Covid-19,"" kata dia saat dihubungi Kompas.com, Minggu (5/2/2023).
""Jadi membuat mobilitas penduduknya tumplek di jalan raya. Pastinya, kondisi tersebut memicu kecelakaan akibat faktor emosi, ego, kelelahan, dan agresif. Jadi seperti bom waktu saja menuju kecelakaan apabila tidak dikontrol (pola berkendaranya),"" lanjut Sony.
Dalam upaya mencegah kondisi serupa terjadi, ia menyatakan baiknya pengendara agar mengatur emosi dan waktu, seperti menghindari kemacetan dengan mempersiapkan waktu dan rute perjalanan.
Baca juga: 4 Jenis Suara Sirine Ambulans, Beda Suara Antara Bawa Pasien dengan Jenazah

""Kemudian mempersiapkan mental dan fisik pengemudi. Dengan begitu, semuanya bisa terkendali dengan baik,"" kata Sony.
Lalu jangan lupa juga selalu pantau arus lalu lintas secara real time supaya pengendara bisa mencari jalan alternatif. Kalau memang tidak memungkinkan, baiknya tunda saja perjalanan di kemudian hari.
Dapatkan update berita pilihan dan breaking news setiap hari dari Kompas.com. Mari bergabung di Grup Telegram ""Kompas.com News Update"", caranya klik link https://t.me/kompascomupdate, kemudian join. Anda harus install aplikasi Telegram terlebih dulu di ponsel.
 

",http://otomotif.kompas.com/read/2023/02/06/084200115/belajar-dari-kecelakaan-maut-di-hunan-china-yang-libatkan-49-kendaraan
"Motor Tabrak Angkot yang Akan Parkir di Maluku Tengah, 2 Orang Terluka","Kompas.com - 01/02/2023, 18:05 WIB","Kontributor Ambon, Rahmat Rahman Patty",Regional,Maluku,"

AMBON, KOMPAS.com - Insiden kecelakaan lalu lintas terjadi di ruas jalan Tulehu, Kecamatan Salahutu, Kabupaten Maluku Tengah, Maluku.
Kecelakaan yang melibatkan sepeda motor dan angkutan kota (Angkot) jurusan Tulehu ini  mengakibat dua orang terluka. Yakni, Delsye Natalia Hitipeuw, pengendara motor dan Medeleyne Tehupuring, orang yang dibonceng.
Keduanya dilarikan ke rumah sakit untuk mendapat perawatan medis.
Baca juga: Bentrokan di Tual, Polda Maluku Minta Warga Tahan Diri dan Junjung Tinggi Nilai Adat
Kepala Seksi Humas Polresta Pulau Ambon dan Pulau-Pulau Lease, Iptu Moyo Utomo mengatakan, kecelakaan tersebut terjadi tepat di depan kantor Kecamatan Salahutu pada Selasa (31/1/2023) malam sekira pukul 22.00 WIT.
“Kecelakaan ini menyebabkan pengendara motor Yamaha N-Max, Delsye Natalia Hitipeuw dan boncengannya Medeleyne Tehupuring mengalami luka-luka akibat benturan,” kata Moyo Utomo kepada wartawan, Rabu (1/2/2023).
Baca juga: 7 Pelaku Pemicu Bentrok di Tual Dintangkap, Polda Maluku: Sudah Jadi Tersangka
Moyo menjelaskan, kecelakaan tersebut berawal saat pengemudi angkot bergerak dari arah Kota Ambon menuju Tulehu. Sampai di lokasi kejadian, sopir kemudian belok kanan untuk masuk ke dalam garasi, tepatnya di depan kantor camat.
Pada saat yang bersamaan, datang sepeda motor yang dikendarai Delsye dari arah berlawanan. Karena tidak mampu mengendalikan laju kendaraannya, ia langsung menabrak angkot yang akan masuk ke dalam garasi tersebut.
Menurut Moyo, saat itu pengendara motor melaju dengan kecepatan tinggi lantaran ingin mengikuti teman-temannya yang juga mengendarai motor.
“Jadi sesampainya di lokasi jejadian, teman-temannya sudah menepi pelan-pelan dari arah bagian kiri. Motor Yamaha N-Max yang tidak dapat mengendalikan kendaraannya langsung menabrak mobil Suzuki Carry pada bagian kiri belakang,” jelas Moyo.
Moyo mengatakan, saat tabrakan itu terjadi, sopir angkot membantu kedua korban dan membawa mereka ke rumah sakit untuk menjalani perawatan medis. Setelah itu, kedua korban langsung dibawa pulang ke rumahnya masing-masing.
“Usai mendapat penanganan medis di RSUD Tulehu pengemudi mobil angkot mengantar mereka pulang ke rumahnya,” katanya.


Dapatkan update berita pilihan dan breaking news setiap hari dari Kompas.com. Mari bergabung di Grup Telegram ""Kompas.com News Update"", caranya klik link https://t.me/kompascomupdate, kemudian join. Anda harus install aplikasi Telegram terlebih dulu di ponsel.
 ",http://regional.kompas.com/read/2023/02/01/180505078/motor-tabrak-angkot-yang-akan-parkir-di-maluku-tengah-2-orang-terluka
Pengendara Motor di Lamongan Tewas Tertabrak Truk Usai Jatuh akibat Jalan Berlubang,"Kompas.com - 31/01/2023, 16:12 WIB","Kontributor Gresik, Hamzah Arfah",Regional,LAMONGAN,"

LAMONGAN, KOMPAS.com - Heri Triyanto (47) meninggal dunia setelah sepeda motor Honda Supra dengan nomor polisi S 3861 JBZ yang dikendarainya tertabrak truk di Jalan Raya Babat-Lamongan, tepatnya di Desa Plosowahyu, Kecamatan Lamongan, Kabupaten Lamongan, Jawa Timur.
Kepala Unit Penegakan Hukum Satuan Lalu Lintas (Satlantas) Polres Lamongan, Iptu Anang Purwo mengatakan, insiden kecelakaan lalu lintas tersebut terjadi pada Selasa (31/1/2023) sekitar pukul 08.30 WIB.
Baca juga: Ratusan Anggota Perguruan Silat Geruduk Polsek Babat Lamongan Usai 1 Pesilat Dikeroyok 15 Orang
Awalnya, korban mengendarai motor dari arah Babat di lajur kanan. Korban lepas kendali dan jatuh saat melintasi jalan berlubang.
""Awalnya sepeda motor yang dikendarai korban melaju dari arah barat di lajur kanan. Sesampai di TKP melewati jalan berlubang kemudian lepas kendali, oleng dan terjatuh ke kiri,"" ujar Anang saat dikonfirmasi, Selasa.
Baca juga: Wanita Pengemudi Avanza Terekam CCTV Curi Sampo dan Body Lotion di Minimarket Lamongan
Pada saat bersamaan, melaju truk tronton dengan nomor polisi B 9208 VN yang dikemudikan oleh Buadi (34), warga Tamansatrian, Kecamatan Tirtoyudo, Malang. Truk itu melaju dari arah yang sama.
""Karena jarak sudah dekat dan tidak bisa menghindar, akhirnya pengendara sepeda motor tersebut terlindas ban belakang sebelah kanan truk,"" ucap Anang.
Anang menambahkan, korban mengalami cedera parah di bagian kepala, sehingga meninggal dunia di lokasi kecelakaan lalu lintas.


Dapatkan update berita pilihan dan breaking news setiap hari dari Kompas.com. Mari bergabung di Grup Telegram ""Kompas.com News Update"", caranya klik link https://t.me/kompascomupdate, kemudian join. Anda harus install aplikasi Telegram terlebih dulu di ponsel.
 ",http://surabaya.kompas.com/read/2023/01/31/161243678/pengendara-motor-di-lamongan-tewas-tertabrak-truk-usai-jatuh-akibat-jalan
"Menolong Korban Kecelakaan Lalu Lintas Ternyata Kewajiban, Ada di Undang-undang","Kompas.com - 31/01/2023, 06:17 WIB",Ivany Atina Arbi,Megapolitan,"JAKARTA, KOMPAS.com","

JAKARTA, KOMPAS.com - Kasus kecelakaan yang menimpa mahasiswa Universitas Indonesia (UI) Muhammad Hasya Atallah Saputra hingga menyebabkan nyawa korban melayang menyisakan tanda tanya di benak banyak orang.
Pasalnya, korban yang terlindas mobil Purnawirawan Polri Ajun Komisaris Besar Eko Setia Budi Wahono pada 6 Oktober 2022 itu justru ditetapkan sebagai tersangka oleh polisi.
Sementara itu, pensiunan polri tersebut lolos dari jerat hukum. Selain melindas Hasya hingga korban bersimbah darah dan tergeletak di jalanan, Eko juga disebut menolak mengantarkan korban ke rumah sakit.
Eko berdalih, korban tidak berhati-hati mengendarai sepeda motornya sehingga terjatuh. Lalu, dirinya yang tengah melintas di jalan yang sama, yakni Jalan Srengseng Sawah, Jagakarsa, Jakarta Selatan, tidak sengaja melindas korban.
Eko pun merasa dirinya tidak seharusnya bertanggung jawab dalam kasus ini.
Baca juga: Beda Perlakuan Polisi terhadap Kasus Kecelakaan yang Tewaskan Mahasiswa UI, Hasya dan Annisa
Ayah korban, Adi Syahputra, mengatakan bahwa butuh waktu cukup lama hingga ambulans datang dan korban dibawa ke rumah sakit.
“Jadi informasinya setelah sampai di rumah sakit sudah meninggal. Kami tidak bisa pastikan apakah dia meninggal di dalam ambulans atau apa, karena sempat cukup lama di pinggir jalan,” ujar Adi, Jumat (25/11/2022).
Apakah purnawirawan polri itu benar-benar bisa lolos dari jerat hukum begitu saja? Ternyata, undang-undang yang mengatur tentang kecelakaan lalu lintas berkata lain.
Wajib tolong koban kecelakaan
Pemerhati masalah transportasi Budiyanto mengatakan bahwa masyarakat wajib memberi pertolongan pertama untuk menyelamatkan korban kecelakaan lalu lintas.
Hal tersebut diatur dalam Undang-Undang Lalu Lintas dan Angkutan Jalan No. 22 Tahun 2009 tentang Lalu Lintas dan Angkutan Jalan (LLAJ), tepatnya pasal 231 ayat 1.
Baca juga: Kapolda Metro Bentuk TGPF, Usut Kasus Mahasiswa UI Hasya Tewas Ditabrak Pensiunan Polri ",http://megapolitan.kompas.com/read/2023/01/31/06171891/menolong-korban-kecelakaan-lalu-lintas-ternyata-kewajiban-ada-di-undang
"Menengok Kembali Kasus Kecelakaan yang Tewaskan Mahasiswi UI 10 Tahun Lalu, Sopir Angkot Jadi Tersangka","Kompas.com - 30/01/2023, 19:17 WIB",Ivany Atina Arbi,Megapolitan,"JAKARTA, KOMPAS.com","

JAKARTA, KOMPAS.com - Peristiwa kecelakaan lalu lintas yang merenggut nyawa mahasiswi Universitas Indonesia (UI) juga pernah terjadi 10 tahun silam.
Korban bernama Annisa Azwar (20) melompat dari angkutan kota (angkot) yang ditumpanginya pada suatu sore di tanggal 6 Februari 2013.
Berdasarkan laporan Harian Kompas, peristiwa bermula saat Annisa menaiki angkot yang dikendarai Jamal (37) di area Stasiun Kota, Jakarta Barat.
Angkot U-10 yang dikemudikan Jamal bakal mengakhiri tujuan perjalanannya di Tanah Pasir, Jakarta Utara. Di sinilah petaka terjadi.
Annisa yang hendak pergi ke Pademangan, Jakarta Utara, ternyata salah naik angkot.
Baca juga: Beda Perlakuan Polisi terhadap Kasus Kecelakaan yang Tewaskan Mahasiswa UI, Hasya dan Annisa
Di kaca depan mobil Jamal memang tertera rute “Pademangan”, tetapi pada saat itu rute angkutan umum bisa berubah sewaktu-waktu, dan sopir bisa memodifikasi rute untuk mencari lebih banyak penumpang.
Satu per satu, penumpang di mobil Jamal turun, hingga hanya tersisa satu penumpang, yakni Annisa. Jamal pun bertanya, hendak ke arah mana? Dijawab Annisa, menuju Pademangan.
Jamal putar balik ke arah Stasiun Kota. Namun, dalam perjalanan pulang, Annisa melompat, terjatuh, dan terluka.
Laju kendaraan dengan kecepatan 30-40 kilometer per jam mengakibatkan Annisa terluka serius dan mengembuskan napas terakhir empat hari kemudian di Rumah Sakit Umum Daerah Koja.
Baca juga: BEM UI Kecam Penetapan Tersangka Terhadap Hasya yang Tewas Ditabrak Pensiunan Polri
 ",http://megapolitan.kompas.com/read/2023/01/30/19174311/menengok-kembali-kasus-kecelakaan-yang-tewaskan-mahasiswi-ui-10-tahun
