,Judul,Tanggal,Penulis,Label,Kota,Deskripsi,Url
0,        Jabar Hari Ini: Sakit Hati Dua Pemain Muda Persib    ,"Kamis, 30 Mar 2023 22:00 WIB",Tim detikJabar - detikJabar,detikJabar,Bandung,"Bandung - Beragam peristiwa terjadi di Jawa Barat (Jabar) hari ini Kamis (30/3/2023). Mulai dari sakit hati dua punggawa Persib atas gagalnya Piala Dunia U-20 hingga banjir terjang 4 kecamatan di Sukabumi.Berikut rangkuman Jabar hari ini:1. Patah Hatinya Kakang dan Robi Darwis Gagal Tampil di Piala Dunia U-20Dua pemain muda Persib yang juga penggawa Timnas U-20 mengungkapkan kekecewaannya lantaran Indonesia batal jadi tuan rumah Piala Dunia U-20. Unggahan keduanya digambarkan dengan emotikan hati yang patah.Kakang Rudianto dan Robi Darwis mengungkapkan kekecewaannya atas batalnya Indonesia menjadi tuan rumah. Kakang mengunggah lima foto saat dirinya membela Merah Putih. Ia juga menuliskan rasa kecewa.                ""Sangat kecewa,"" tulis Kakang seperti yang dikutip detikJabar, Kamis (30/3/2023).Kakang menyematkan tiga emotikan dalam ungkapan kekecewaannya. Dua emotikon yang menggambarkan kesedihan, dan satu laginya ada emotikon hati yang patah.Kakang juga mengungkapkan rasa terima kasihnya kepada staf dan pelatih timnas. Namun, tak lupa ia juga menyelipkan ungkapan 'terima kasih' terhadap kelompok yang menolak Timnas Israel U-20.""Terima kasih coach, official dan pemain sudah pernah berjuang bersama, semoga bisa ketemu dan di satukan kembali. Terima kasih bapak yang telah mengubur mimpi kami untuk main di Piala Dunia U-20,"" tulis Kakang.Robi Darwis juga menyisipkan emotikon hati yang patah. Dua emotikon patah hati diselipkan Robi dalam unggahan di Instagram pribadinya. Sama halnya dengan Kakang, Robi mengunggah empat foto saat membela timnas.Singgung Tragedi KanjuruhanRobi mengaku masih tak menyangka Indonesia batal tampil di Piala Dunia U-20. Robi bahkan menyinggung soal tragedi Kanjuruhan yang menewaskan 135 orang.""Masih tidak percaya kita gagal tampil di Piala Dunia U20. Impian kita harus hancur oleh orang"" yang membicarakan mengatasnamakan kemanusiaan, jangan terlalu memikirkan negara lain jika ingin berbicara kemanusiaan. Kenapa kalian diam ketika tragedi kanjuruhan yang memakan korban lebih dari 100 nyawa hilang!!?,"" tulis Robi.Baca juga: Asa yang Tersisa dari Piala Dunia U-20 2023Robi mengatakan sikap kelompok yang menolak Timnas Israel U-20, yang mengatasnamakan kemanusian telah menghancurkan mimpi skuad timnas U-20.""Kalian sadar tidak!? Kalian telah menghancurkan mimpi anak muda seperti kita untuk bermain di piala dunia. Mau sampai kapan sepak bola kita seperti ini!? Kecewa, kesel, marah, sedih. Padahal tinggal menghitung hari untuk mencapai impian namun harus hilang begitu saja,"" tulis Robi disisipi emot bunga layu dan dua hati yang patah.2. Pemkot Sukabumi Disomasi Pengusaga Gegara Utang Rp 1 MiliarPemerintah Kota Sukabumi disomasi oleh PT Indonesia Super Holiday (HSI) gegara utang yang tak kunjung dibayar. Pemkot Sukabumi memiliki utang ke perusahaan tersebut sebesar Rp 1 miliar.Diketahui, HSI merupakan perusahaan yang bergerak di bidang perjalanan dinas dan penyelenggara event. Dalam hal ini, pihaknya bekerjasama dalam penyelenggaraan kegiatan dengan Pemkot Sukabumi, khususnya di Bagian Komunikasi dan Dokumentasi Pimpinan atau yang dulu dikenal sebagai Bagian Humas dan Protokol.Pengacara PT HSI, Hasiando Sinaga mengatakan, masalah utang piutang ini masuk dalam perjanjian kerja periode November 2016 sampai Maret 2017. Sepanjang periode tersebut ada 28 kegiatan dengan total nilai kontrak Rp 1.751.506.600.""Kegiatan yang telah dikerjakan terkait perjalanan dinas pegawai dan pimpinan hingga mempersiapkan kebutuhan pelaksanaan rapat-rapat pemerintahan,"" kata Ando dalam keterangan tertulis yang diterima detikJabar, Kamis (30/3/2023).Lebih lanjut, dari total Rp 1,7 miliar tersebut, Pemkot Sukabumi telah membayar kewajiban sebesar Rp 381.567.650 atau Rp 381 juta. Kemudian, pada Juni 2017, Chandra Hermawan selaku Direktur ISH menagih sisa pembayaran sekitar Rp 1,36 miliar kepada pihak Pemkot Sukabumi.""Saat itu, pihak Pemkot Sukabumi menjawab melalui surat akan membayar utang dengan mencicil 7 kali hingga Desember 2017. Namun, janji tersebut tidak dilaksanakan,"" ujarnya.Upaya demi upaya dilakukan agar HSI mendapatkan kembali haknya. Dia mengatakan, kliennya saat itu berulang kali menagih sisa tagihan melalui telepon dan mendatangi langsung Pemkot Sukabumi. Berbagai alasan disampaikan pihak Pemkot Sukabumi untuk tidak membayar utang.""Bahkan dalam suatu kesempatan klien kami secara rutin setiap dua minggu sekali selama kurang lebih empat bulan berturut-turut melakukan penagihan langsung ke Pemkot Sukabumi. Jelas menguras waktu, biaya, tenaga serta pikiran dan telah berdampak negatif terhadap perusahaan,"" ungkapnya.Baca juga: Luka Sabetan Celurit Membekas di Lengan Santri Cimahi Korban BegalBeberapa waktu lalu, Pemkot Sukabumi kembali menjanjikan pembayaran sisa hutang dengan mencicil minimal Rp 40 juta per bulan dimulai Februari 2022. Dengan demikian, butuh waktu sekitar 3 tahun untuk melunasi utang Rp 1,36 miliar.Sayangnya, Pemkot Sukabumi tidak memenuhi komitmennya. Dalam periode setahun terakhir yaitu sejak Februari 2022-Februari 2023, beberapa kali pembayaran ternyata di bawah Rp 40 juta per bulan dan hanya dibayar 10 kali dengan total Rp 283 juta.Padahal, kata dia, seharusnya pembayaran minimal Rp 480 juta untuk 12 kali cicilan. Dengan pembayaran tersebut, maka sisa hutang Pemkot Sukabumi sekitar Rp 1,08 miliar.""Bayangkan, kami sudah menunggu 5 tahun, bersedia dengan cara pelunasan yang butuh waktu 34 bulan, tapi pihak Pemkot Sukabumi masih tidak memenuhi komitmennya. Padahal ISH sudah menjalankan semua kewajibannya,"" kata dia.""Jelas ada masalah pengelolaan keuangan Pemkot Sukabumi dan rakyat yang jadi korban,"" tambahnya.Pemkot Sukabumi melalui Sekretari Daerah Dida Sembada mengatakan, saat ini pihaknya masih mempersiapkan jawaban atas somasi soal utang Rp 1 miliar tersebut.""Iya Pemkot Sukabumi saat ini lagi mempersiapkan jawaban atas somasi yang dilayangkan oleh pihak ketiga itu,"" kata Dida.Menurutnya, dalam menjawab somasi dari PT Indonesia Super Holiday (ISH) harus dicermati secara seksama permasalahannya. Dia menerangkan, ada dua indikasi yang saat ini sedang dipelajari.Pertama, menelusuri terkait kerjasama Pemkot Sukabumi dengan vendor tersebut. Menurutnya, proses kerjasama ada mekanisme atau ketentuan yang harus ditempuh.Kedua, Pemkot juga menginstruksikan Inspektorat untuk menelusuri seperti apakah status utang yang diklaim oleh vendor tersebut baik dari besaran jumlahnya, serta kebenaran terjadi utang piutang. ""Kita saat ini menunggu kajian dari inspektorat, untuk membalas layangan somasi tersebut,"" jelasnya.""Seperti apa kerjasama dengan vendor tersebut dan apakah utang tersebut atas nama pribadi atau pemerintah ini kami masih telusuri, apalagi ini kejadiannya tahun 2016,"" paparnya.Pihaknya mengaku menyayangkan kasus ini muncul ke publik. ""Kami prihatin dan sangat menyayangkan karena ini kan masih tahap somasi tapi kok sudah dimunculkan di media. Sedangkan kami masih mempersiapkan jawaban somasi itu,"" tutupnya.3. Truk Sampah Tabrak Pemotor di Ciamis, Satu Orang TewasTruk sampah milik Pemda Ciamis Z 8084 T terlibat kecelakaan dengan sepeda motor Z 3432 NN di Jalan Raya Cisaga-Rancah, Desa Tanjungjaya, Kecamatan Cisaga, Kabupaten Ciamis, Kamis (30/3/2023).Insiden tabrakan itu mengakibatkan seorang pengendara motor meninggal dunia bernama Rudi Prayoga (19). Sedangkan yang dibonceng bernama Dimas Saputra (19) mengalami luka berat di bagian kepala. Keduanya merupakan warga Dusun Tenjolaya, Desa Tanjungjaya, Kecamatan Cisaga, Kabupaten Ciamis.""Kecelakaan antara Turk sampah dan motor ini mengakibatkan 1 orang pengendara motor meninggal dunia dan 1 orang yang dibonceng mengalami luka di kepala,"" ujar Kasi Humas Polres Ciamis Iptu Magdalena kepada detikJabar.Kejadian kecelakaan itu berawal dari truk sampah milik Pemda Ciamis dikemudikan oleh Dadi dari arah Cisaga menuju Rancah. Truk sampah itu hendak mengangkut sampah dari TPS Cisaga ke wilayah Kawali.Kemudian dari arah Rancah datang mobil SS dan dibelakangnya ada sepeda motor Astrea yang dikendarai Rudi Prayoga berboncengan dengan Dimas.Pada saat tepat di lokasi kejadian, mobil SS yang berada di depan pengendara sepeda motor mengerem untuk menghindari lubang di jalan. Pengendara motor kemudian menghindar ke sebelah kanan lalu bertabrakan dengan truk sampah.""Sepeda motor bertabrakan dengan truk sampah. Pengendara beserta sepeda motornya masuk ke kolong truk dan terseret oleh roda belakang bagian kanan. Sedangkan korban yang dibonceng jatuh terpental ke aspal jalan,"" ungkap Magdalena.Baca juga: Aksi Saling Dorong Nasabah Bank-Petugas Saat Tuntut Pencairan UangAkibatnya, kedua korban mengalami luka di bagian kepala. Korban Rudi meninggal dunia di lokasi kejadian. Setelah kejadian, kedua korban kemudian dievakuasi ke RSUD Banjar.""Kecelakaan tersebut sekarang ditangani oleh Unit Laka Satlantas Polres Ciamis,"" jelas Magdalena.4. Kecamatan di Sukabumi Diterjang Banjir hingga Jembatan PutusHujan deras yang terjadi beberapa waktu lalu memicu bencana alam di Kabupaten Sukabumi. Air sungai yang meluap mengakibatkan TPT (tembok penahan tanah) ambrol, banjir dan jembatan putus.Kepala Pelaksana BPBD Kabupaten Sukabumi Wawan Godawan mengatakan, berdasarkan laporan Pusat Pengendalian Operasi Penanggulangan Bencana (Pusdalops), terdapat empat kecamatan yang mengalami bencana alam dengan jenis beragam.""Yang terparah ada di dua kecamatan, termasuk di Warungkiara ada empat titik, satu jembatan gantung terputus terbawa arus air, kemudian di Palabuhanratu,"" kata Wawan di lokasi bencana Warungkiara, Kabupaten Sukabumi, Kamis (30/3/2023).Khusus di Cisarakan, Palabuhanratu, terjadi longsor disertai pohon tumbang yang menutup ruas jalan Cisarakan, Desa Buniwangi. Kemudian, di Sungai Cipalabuan terjadi banjir hingga merendam dermaga.""Itu beberapa titik yang dilaporkan, kemudian juga di (kecamatan) Bantargadung,"" sambungnya.Selain jembatan putus, titik terparah bencana alam ini terjadi di Warungkiara di mana akses jalan masyarakat terputus untuk kendaraan roda empat. Pihaknya menerjunkan tim untuk melakukan penanganan sementara hingga jalan tersebut dibangun kembali.""Kalau dilihat dari sisi kerusakannya, ini akses utama warga masyarakat untuk melaksanakan aktivitas, termasuk jalan utama ini ada tiga titik yang terdampak, tidak bisa dilalui kendaraan roda empat,"" ungkapnya.""Kita pertama asessment apa yang dibutuhkan, ke depan pemasangan bronjong dan sebagainya, di Palabuhanratu juga sama, Cisarakan itu juga jalur provinsi dan sudah selesai bekerja sama dengan personel TNI/Polri membersihkan puing pohon maupun batu dan tanah,"" tutupEkonomi Warga Terancam LumpuhKhusus soal banjir yang terjad di Kecamatan Warungkiara, Kabupaten Sukabumi turut mengancam kegiatan ekonomi masyarakat. Hal itu disampaikan Kepala Desa Bantarkalong Rohmatulloh.Rohmatulloh mengatakan banjir bandang yang terjadi di desanya memang sudah surut. Akan tetapi, banjir itu merusak sebagian badan jalan (teritorial jalan kabupaten) yang menghubungan tiga desa di antaranya Desa Hegarmanah, Desa Mekarjaya, dan Desa Sirnajaya.""Ya jadi bencana terjadi di Bantarkalong itu kemarin sekitar jam 17:00 WIB akibat curah hujan yang tinggi. Ada beberapa wilayah yang terkena dampak, paling parah jalan di Cigadog, di situ jalan hancur terputus akses mobil dan satu rumah yang kebetulan milik Kades Tariji rusak ringan,"" kata Rohmatulloh kepada awak media, Kamis (30/3/2023).Menurutnya beberapa jembatan juga butuh penanganan karena di bagian pondasi tergerus air. ""Jembatan di kedusunan juga terputus di Kampung Legoknyenang itu sedang ditangani warga juga,"" sambungnya.Menurutnya, akibat bencana tersebut, kegiatan perekonomian masyarakat lumpuh, khususnya dari segi pesan-antar barang. Meski demikian, ada jalan alternatif lain dengan jarak yang lebih jauh.""Perekonomian lumpuh walau di satu sisi ada jalan alternatif tapi lebih jauh. Ini kita dari berbagai kalangan turun, penanganannya membronjong dulu dan tindak lanjut dari dinas terkait,"" ucap dia.Camat Warungkiara Pendi menambahkan, terkait akses jalan yang tidak bisa dilalui kendaraan roda empat, pihaknya masih mengupayakan menanggulangi agar tetap bisa diakses masyarakat.""Sekarang kita kerja sama Forkopimcam Warungkiara bersama para relawan, BPBD, TNI/Polri untuk menutup gorong-gorong yang tergerus banjir itu, diharapkan ini bisa memperlancar akses lalu lintas di sini,"" kata Pendi.Dia juga menyarankan, agar roda ekonomi dapat terus berputar, masyarakat harus legawa menggunakan jalan alternatif melalui Desa Hegarmanah.""Masih ada jalan alternatif yang masuk ke Desa Hegarmanah meskipun itu jalannya sempit. Sementara menunggu perbaikan jalan di sini bisa menggunakan jalan alternatif itu,"" tutupnya.5. Viral Lelaki Tergeletak di Flyover Bandung dengan Luka di WajahRekaman video yang menunjukkan seorang pria tergeletak bersimbah darah beredar di aplikasi perpesanan. Pria bersweater abu itu disebut menjadi korban pembacokan di Flyover Kiaracondong, Kota Bandung.Informasi yang dihimpun, insiden itu terjadi pada Kamis (30/3/2023) dini hari. Dalam video terlihat pria berumur 20 tahunan itu mengalami luka sayat di bagian wajah akibat bacokan benda tajam.Di video itu juga, korban dibantu beberapa warga yang mendatanginya di lokasi kejadian. Warga kemudian mencari bantuan untuk mengevakuasi korban supaya dirawat di rumah sakit.Saat dikonfirmasi, Kasatreskrim Polrestabes Bandung AKBP Agah Sonjaya mengaku masih menelusuri video insiden pembacokan itu. Anggota Polsek Kiaracondong juga sudah diterjunkan ke lokasi, namun belum ada informasi detail yang bisa dikumpulkan.""Masih ditelusuri. Polsek sudah ke flyover, tapi belum ada yang menerangkan adanya kejadian itu,"" kata Agah saat dikonfirmasi wartawan.Baca juga: Fakta Viral Pria Tergeletak dengan Wajah Tersayat di Flyover BandungIa mengatakan petugas masih mencari informasi dan kebenaran terkait peristiwa yang terjadi. Ia pun mengungkapkan hingga saat ini belum laporan insiden tersebut dari warga.Selain itu, petugas pun tengah mencari pengunggah video tersebut untuk memastikan kebenarannya. ""Lagi kita cari (informasinya), belum (ada laporan),"" singkatnya.(bba/yum)jabar hari ini persib persib bandung piala dunia u-20 2023 piala dunia u-20 fifa pssi jawa barat",https://www.detik.com/jabar/berita/d-6646815/jabar-hari-ini-sakit-hati-dua-pemain-muda-persib
1,        Waka DPRD Tanjabbar Tinggalkan TKP Usai Mobil Dinas Tabrak ABG hingga Tewas    ,"Kamis, 30 Mar 2023 21:44 WIB",Ferdi Almunanda - detikSumut,detikSumut,Jambi,"Jambi - ABG bernama Siti Nuanisa (17) tewas usai motor yang dibawanya ditabrak mobil dinas Wakil Ketua DPRD Tanjung Jabung Barat (Tanjjabbar), Sjafril Simamora. Usai kecelakaan maut itu, Sjafril langsung meninggalkan lokasi kejadian.Kasat Lantas Polres Tanjung Jabung Timur Jambi, Iptu Agung Prasetyo Soegiono mengatakan usai kejadian kecelakaan tersebut, Sjafril Simamora langsung berangkat pergi menuju bandara.""Kalau pas kejadian, Wakil Ketua DPRD Tanjabbar nya itu tidak ada di TKP ya, infonya dia langsung pergi menuju ke bandara karena tujuannya kan awal memang mau ke bandara,"" kata Iptu Agung kepada detikSumut, Kamis (30/3/2023).                Agung juga menyebutkan, saat ini sopir dari mobil Fortuner itu sudah diamankan. Sopir itu kini sudah berada di Polres Tanjabtim Jambi untuk dimintai keterangan dan pemeriksaan.""Kalau untuk sopirnya sudah kita amankan ya, karena dia yang membawa kendaraan itu makanya kita amankan saat ini,"" ujar Agung.Baca juga: Fortuner Ditumpangi Waka DPRD Tanjabbar Tabrak Pengendara Motor, 1 TewasJasad Siti sudah dibawa ke rumah duka sedangkan korban bernama Dea Asmarani (18) saat ini masih dalam perawatan di rumah sakit karena alami luka-luka.""Kalau korban ini warga Mendahara Ulu, Kabupaten Tanjung Jabung Timur ya,"" terang Agung.Agung memastikan mobil Fortuner BH 1081 BS yang ditumpangi Sjafril Simamora adalah mobil dinas.""Iya kalau terkait plat yang ada di mobil Fortuner itu kita belum dapat indentifikasi nya ya ke Samsat, tetapi yang jelas pada saat terjadi laka lantas, yang bersangkutan menggunakan kendaraan dinas dengan TNKB biasa berwarna hitam,"" jelasnya.Kecelakaan itu sendiri terjadi siang tadi sekitar pukul 13.00 WIB di Jalan Lintas Jambi-Kuala Tungkal, Kelurahan Simpang Tuan, Kecamatan Mendahara Ulu, Kabupaten Tanjung Jabung Timur, Jambi. Saat itu mobil Fortuner yang membawa Waka DPRD Tanjabbar tersebut hendak menuju ke Bandara Jambi untuk berangkat ke Jakarta.Baca juga: Kecelakaan Beruntun di Jalur Padang-Bukittinggi, 5 Mobil-3 Rumah RusakSimak Video ""Bukan Tengah Malam, Ini Jam-jam Rawan Kecelakaan""[Gambas:Video 20detik](astj/astj)mobil dinas dprd tanjabbar dprd tanjabbar kecelakaan lalu lintas tabrakan jambi tanjung jabung barat",https://www.detik.com/sumut/berita/d-6647430/waka-dprd-tanjabbar-tinggalkan-tkp-usai-mobil-dinas-tabrak-abg-hingga-tewas
2,        Jalan Raya Casablanca Jakarta Macet di Kedua Arah    ,"Kamis, 30 Mar 2023 18:49 WIB",Jabbar Ramdhani - ,detikNews,Jakarta,"Jakarta - Kemacetan terjadi di Jalan Raya Casablanca, Jakarta Selatan (Jaksel). Kemacetan terjadi pada kedua arah.""(Betul, macet) Di kedua arah, biasanya karena jam pulang kerja,"" kata petugas call center NTMC Polri, Anton, saat dihubungi, Kamis (30/3/2023), pukul 18.31 WIB.Kondisi lalu lintas di kedua ruas Jalan Raya Casablanca dilaporkan cukup padat. Diduga kemacetan terjadi karena peningkatan volume kendaraan.                Baca juga: Ini Alasan Tersangka Utama Mafia Travel Umrah Ubah Nama Jadi 'Abi'Belum ada laporan terkait faktor pemicu kepadatan lalu lintas lainnya seperti kecelakaan atau gangguan kendaraan.""Jalan Casablanca biasanya dilewati untuk menghindari ganjil genap, jadi terjadinya peningkatan volume kendaraan,"" ucap dia.Kepadatan lalu lintas di Jalan Raya Casablanca berimbas pada jalan lain yang terhubung dengan ruas jalan tersebut seperti Jalan Prof DR Soepomo dan Jalan Dr Saharjo.Baca juga: Jalan Gatsu Arah Cawang Tergenang Air, Lalin Macet!Untuk kondisi di Jalan Prof DR Soepomo kemacetan terjadi dari Pancoran arah Tebet. Pada arah sebaliknya, kepadatan juga terjadi dari persimpangan Jalan Minangkabau Timur hingga persimpangan Jalan Prof DR Soepomo dengan Jalan Tebet Raya.""Ramai lancar untuk arah Pancoran dan arah Tanah Abang,"" katanya.(jbr/aik)kemacetan jakarta jalan raya casablanca jabodetabek ",https://news.detik.com/berita/d-6647094/jalan-raya-casablanca-jakarta-macet-di-kedua-arah
3,        Pemotor Mabuk Tabrak 3 Anggota Satpol PP Surabaya Jadi Tersangka    ,"Kamis, 30 Mar 2023 17:59 WIB",Deny Prastyo - detikJatim,detikJatim,Surabaya,"Surabaya - Polisi telah menetapkan pemotor berinisial RA (21) yang berkendara dalam keadaan mabuk hingga menabrak 3 anggota Satpol PP Kota Surabaya sebagai tersangka. Hingga saat ini, RA masih menjalani perawatan akibat kecelakaan itu.Kasatlantas Polrestabes Surabaya AKBP Arif Fazlurrahman mengatakan bahwa RA telah ditetapkan sebagai tersangka baru-baru ini. Dia diduga telah melakukan kelalaian yang menyebabkan kecelakaan pada Sabtu (4/3) lalu.""Status pengendara itu sudah tersangka. Yang bersangkutan saat ini sedang dalam proses perawatan,"" ujar Arif Fazlurrahman kepada detikJatim, Kamis (30/3/2023).                Arif menjelaskan bahwa tersangka RA dijerat pasal 310 ayat (3) atas kelalaiannya mengemudikan kendaraan hingga mengakibatkan kecelakaan lalu lintas dengan korban luka berat.Baca juga: 3 Satpol PP Surabaya Jadi Korban Tabrak Balap Liar, Polisi Masifkan PatroliDia juga menegaskan bahwa berkas perkara kecelakaan yang menyebabkan 3 orang Satpol PP mengalami luka itu sudah di serahkan kepada pihak kejaksaan.Arif menambahkan bahwa pihaknya belum bisa melakukan penahanan terhadap tersangka karena hingga saat ini yang bersangkutan juga masih menjalani perawatan.Akibat kejadian kecelakaan yang dia alami saat sedang dalam posisi mabuk itu dia juga mengalami sejumlah luka.""Kalau dilakukan penahanan masih belum memungkinkan. Karena kondisi kesehatan. Namun yang bersangkutan masih melakukan wajib lapor,"" ujar Arif.Sebelumnya, Wali Kota Surabaya Eri Cahyadi mendesak kasus 3 anggota Satpol PP ditabrak pemotor mabuk diusut tuntas. Ketiga Satpol PP yang terluka saat melakukan pencegahan balap liar itu sempat dilarikan dan dirawat di RSUD dr Sewandhie.Baca juga: Pemotor Mabuk Tabrak 3 Satpol PP Surabaya Paksa Keluar RS Meski Kaki Patah""Saya minta Satpol PP kasus ini nggak boleh berhenti, harus koordinasi dengan Kasat Lantas Polrestabes Surabaya. Saya minta dikawal terus prosesnya, jangan pernah berhenti,"" tegas Eri kepada wartawan usai menjenguk petugas Satpol PP di RSUD dr Soewandhie, Senin (6/3/2023).Eri mengatakan, satu petugas Satpol PP sudah pulang. Sedangkan dua orang lainnya masih dirawat. Sementara pemotor yang menabrak Satpol PP itu memaksa pulang dari rumah sakit meski kakinya patah.""Pertama sudah pulang, yang dua ada luka kepala dan satunya patah kaki terbuka kiri dan kanan. Saya mengucapkan terima kasih, beliau menjalankan tugas negara mengamankan kota ini ketika mengalami musibah ini,"" jelasnya.Eri melanjutkan bahwa saat itu anggota Satpol PP menjalankan tugas mengantisipasi balap liar di kawasan Diponegoro. Namun, di tengah tugasnya mereka malah ditabrak pengendara motor yang mabuk.Simak Video ""Momen Satpol PP Surabaya Segel 3 Outlet Holywings""[Gambas:Video 20detik](dpe/iwd)satpol pp surabaya satpol pp surabaya kecelakaan satpol pp ditabrak motor pemotor mabuk kecelakaan surabaya",https://www.detik.com/jatim/hukum-dan-kriminal/d-6647008/pemotor-mabuk-tabrak-3-anggota-satpol-pp-surabaya-jadi-tersangka
4,        Fakta Viral Pria Tergeletak dengan Wajah Tersayat di Flyover Bandung    ,"Kamis, 30 Mar 2023 14:04 WIB",Rifat Alhamidi - detikJabar,detikJabar,Bandung,"Bandung - Polisi memastikan video viral yang memperlihatkan seorang pria tergeletak bersimbah darah di Flyover Kiaracondong, Kota Bandung bukan korban begal. Pria tersebut merupakan korban kecelakaan lalu lintas yang membuatnya mengalami luka sobek di bagian bibir.Kanit Gakkum Polrestabes Bandung AKP Arif Saepul Haris mengatakan, dari hasil penelusuran, kecelakaan itu terjadi pada Selasa (28/3/2023) sekitar pukul 00.30 WIB. Adapun pria yang tergeletak bersimbah darah itu bernama Akbar.""Korbannya sudah dilarikan ke RSHS Bandung,"" katanya saat dikonfirmasi wartawan, Kamis (30/3/2023).                Baca juga: Viral Lelaki Tergeletak di Flyover Bandung dengan Luka di WajahSaat itu, Akbar yang sedang membonceng David sedang melaju dari arah utara ke selatan. Sesampainya di Flyover Kiaracondong, motor yang dikemudikan Akbar menabrak bagian belakang sepeda motor yang dikendarai Mufid.Akbar kemudian mengalami luka sobek di bibir karena terkena spion motornya. Sementara rekan Akbar, David, mengalami luka ringan.""Jadi bukan begal. Itu korbannya sobek bibirnya kena spion,"" ucapnya.Arif memastikan peristiwa tersebut masih dalam penanganan pihak kepolisian unit Gakkum Satlantas Polrestabes Bandung. Ia mengimbau masyarakat Kota Bandung selalu berhati hati dan waspada dalam berkendara.""Patuhi aturan lalu lintas serta lengkapi surat-surat kendaraan anda,"" tuturnya.Sebelumnya diberitakan, rekaman video yang menunjukkan seorang pria tergeletak bersimbah darah beredar di aplikasi perpesanan. Pria bersweater abu itu disebut menjadi korban pembacokan di Flyover Kiaracondong, Kota Bandung.Di video itu juga, korban dibantu beberapa warga yang mendatanginya di lokasi kejadian. Warga kemudian mencari bantuan untuk mengevakuasi korban supaya dirawat di rumah sakit.Baca juga: Duh! Konter HP di Purwakarta Jadi Tempat Jualan Obat TerlarangSaat dikonfirmasi, Kasatreskrim Polrestabes Bandung AKBP Agah Sonjaya mengaku masih menelusuri video insiden pembacokan itu. Anggota Polsek Kiaracondong juga sudah diterjunkan ke lokasi, namun belum ada informasi detail yang bisa dikumpulkan.""Masih ditelusuri. Polsek sudah ke flyover, tapi belum ada yang menerangkan adanya kejadian itu,"" kata Agah saat dikonfirmasi wartawan.Ia mengatakan petugas masih mencari informasi dan kebenaran terkait peristiwa yang terjadi. Ia pun mengungkapkan hingga saat ini belum laporan insiden tersebut dari warga.Selain itu, petugas pun tengah mencari pengunggah video tersebut untuk memastikan kebenarannya. ""Lagi kita cari (informasinya), belum (ada laporan),"" singkatnya.(ral/yum)berita jabar jawa barat kriminal jabar flyover kiaracondong kota bandung polrestabes bandung viral jabar",https://www.detik.com/jabar/hukum-dan-kriminal/d-6646405/fakta-viral-pria-tergeletak-dengan-wajah-tersayat-di-flyover-bandung
5,"        Aksi Nekat Pemotor Blayer-Potong Konvoi Presiden, Awas Bisa Dilumpuhkan!    ","Kamis, 30 Mar 2023 13:36 WIB",Tim detikcom - detikOto,detikOto,Jakarta,"Jakarta - Viral di media sosial pemotor di Makassar, Sulawesi Selatan melakukan aksi nekat memotong jalur konvoi Presiden Joko Widodo. Bahkan dia tepat melintas di depan mobil dinas Jokowi sambil ngeblayer atau menggeber gas motor.Dalam video yang beredar di media sosial, kejadian itu berada di Jalan Gunung Bawakaraeng, Makassar, Rabu (29/3) lalu. Mulanya rombongan motor gede pengawal presiden melintas terlebih dahulu. Setelahnya pemotor matic dengan knalpot brong tanpa helm itu memotong jalur konvoi presiden. Mobil presiden terlihat memperlambat kecepatan karena aksi mendadak pria tersebut.""Ih deh, nyaris lagi mobilnya Pak Jokowi. Astaga,"" terdengar seorang wanita dalam video kaget melihat insiden itu.                Baca juga: Umur 3 Tahun Dulu Kamu Ngapain? Bocah Ini Geber Ferrari di SirkuitKasubag Humas Polrestabes Makassar Kompol Lando tak menampik insiden tersebut. Namun saat ditanya apakah pemotor itu diamankan di Polrestabes Makassar, Kompol Lando mengaku belum tahu banyak hal.""Belum tahu, belum tahu di mana diamankan,"" ujar Kompol Lando dilansir detikSulsel, Kamis (30/3/2023).Dari kacamata keselamatan berkendara, aksi nekat yang menghalangi konvoi presiden itu bisa dikategorikan ancaman bagi konvoi Presiden Joko Widodo.""Karena ini konteksnya presiden, untung dia tidak dilumpuhkan. Sama saja kayak kita masuk ke ring satu, bisa dilumpuhkan kalau kita tidak diizinkan. Karena bisa diduga itu adalah bagian dari strategi penyerangan (terhadap presiden),"" ucap Pakar keselamatan berkendara, Instruktur dan Founder Jakarta Defensive Driving Consulting (JDDC)Jusri Pulubuhu, beberapa waktu yang lalu.Baca juga: Viral Rombongan RI 2 Ngalah ke Ambulans, Mobil Pribadi Berstrobo Harusnya Malu!""Kalau di luar negeri bisa dilumpuhkan kalau dianggap menghalang-halangi (konvoi presiden). Proses hukumnya panjang. Karena itu adalah indikasi-indikasi ancaman (untuk presiden),"" kata Jusri.Menurut Undang-Undang No. 22 Tahun 2009, iring-iringan kepresidenan menjadi pengguna jalan urutan keempat yang harus diprioritaskan. Artinya, semua pengendara harus memberikan jalan kepada konvoi presiden. Kecuali, kendaraan pemadam kebakaran yang sedang melaksanakan tugas, ambulans yang mengangkut orang sakit, dan kendaraan untuk memberikan pertolongan pada kecelakaan lalu lintas boleh mendahului mobil Presiden dan mobil Presiden pun harus mengalah kepada tiga kendaraan tersebut.Urutan tersebut sesuai dengan Pasal 134 Undang-Undang No. 22 Tahun 2009. Dalam peraturan tersebut, ada 7 kendaraan yang mendapat hak utama sehingga pengendara lain harus minggir memberikan jalan. Sesuai urutannya, berikut 7 kendaraan prioritas tersebut:1. Kendaraan pemadam kebakaran yang sedang melaksanakan tugas;2. ambulans yang mengangkut orang sakit;3. Kendaraan untuk memberikan pertolongan pada Kecelakaan Lalu Lintas;4. Kendaraan pimpinan Lembaga Negara Republik Indonesia;5. Kendaraan pimpinan dan pejabat negara asing serta lembaga internasional yang menjadi tamu negara;6. iring-iringan pengantar jenazah; dan7. konvoi dan/atau Kendaraan untuk kepentingan tertentu menurut pertimbangan petugas Kepolisian Negara Republik Indonesia.Jusri Pulubuhu, menyebut hal yang harus dilakukan pengendara ketika bertemu ketujuh kendaraan tersebut harus mengalah.""Kalau nggak minggir ada penegakan hukum. Mulai dari peneguran, tilang dan sebagainya,"" kata Jusri Simak Video ""AC Mobil Mendadak Tak Dingin dan Hanya Keluar Angin? Coba Cek Ini Deh!""[Gambas:Video 20detik](riar/rgr)catatan pengendara tips otomotif konvoi mobil presiden ",https://oto.detik.com/catatan-pengendara-motor/d-6646302/aksi-nekat-pemotor-blayer-potong-konvoi-presiden-awas-bisa-dilumpuhkan
6,"        Truk Sampah Tabrak Pemotor di Ciamis, Satu Orang Tewas    ","Kamis, 30 Mar 2023 13:05 WIB",Dadang Hermansyah - detikJabar,detikJabar,Ciamis,"Ciamis - Truk sampah milik Pemda Ciamis Z 8084 T terlibat kecelakaan dengan sepeda motor Z 3432 NN di Jalan Raya Cisaga-Rancah, Desa Tanjungjaya, Kecamatan Cisaga, Kabupaten Ciamis, Kamis (30/3/2023).Insiden tabrakan itu mengakibatkan seorang pengendara motor meninggal dunia bernama Rudi Prayoga (19). Sedangkan yang dibonceng bernama Dimas Saputra (19) mengalami luka berat di bagian kepala. Keduanya merupakan warga Dusun Tenjolaya, Desa Tanjungjaya, Kecamatan Cisaga, Kabupaten Ciamis.""Kecelakaan antara Turk sampah dan motor ini mengakibatkan 1 orang pengendara motor meninggal dunia dan 1 orang yang dibonceng mengalami luka di kepala,"" ujar Kasi Humas Polres Ciamis Iptu Magdalena kepada detikJabar.                Baca juga: Sejarah Kelam di Balik Pesantren Tertua di PangandaranKejadian kecelakaan itu berawal dari truk sampah milik Pemda Ciamis dikemudikan oleh Dadi dari arah Cisaga menuju Rancah. Truk sampah itu hendak mengangkut sampah dari TPS Cisaga ke wilayah Kawali.Kemudian dari arah Rancah datang mobil SS dan dibelakangnya ada sepeda motor Astrea yang dikendarai Rudi Prayoga berboncengan dengan Dimas.Pada saat tepat di lokasi kejadian, mobil SS yang berada di depan pengendara sepeda motor mengerem untuk menghindari lubang di jalan. Pengendara motor kemudian menghindar ke sebelah kanan lalu bertabrakan dengan truk sampah.""Sepeda motor bertabrakan dengan truk sampah. Pengendara beserta sepeda motornya masuk ke kolong truk dan terseret oleh roda belakang bagian kanan. Sedangkan korban yang dibonceng jatuh terpental ke aspal jalan,"" ungkap Magdalena.Baca juga: Patah Hatinya Kakang dan Robi Darwis Gagal Tampil di Piala Dunia U-20Akibatnya, kedua korban mengalami luka di bagian kepala. Korban Rudi meninggal dunia di lokasi kejadian. Setelah kejadian, kedua korban kemudian dievakuasi ke RSUD Banjar.""Kecelakaan tersebut sekarang ditangani oleh Unit Laka Satlantas Polres Ciamis,"" jelas Magdalena.(yum/yum)berita jabar jawa barat kecelakaan lalu lintas ciamis truk sampah tabrak pemotor di ciamis",https://www.detik.com/jabar/berita/d-6646237/truk-sampah-tabrak-pemotor-di-ciamis-satu-orang-tewas
7,        Heboh Pemotor Knalpot Brong Potong-Blayer Iring-iringan Presiden    ,"Kamis, 30 Mar 2023 12:14 WIB",Tim detikcom - detikOto,detikOto,Jakarta,"Jakarta - Sebuah video di media sosial memperlihatkan aksi pemotor memotong iring-iringan rombongan Presiden. Tak hanya menggunting jalan, pemotor itu juga menggeber-geber gas motor dengan knalpot brong di depan mobil dinas.Dalam video yang beredar di media sosial, terlihat pemotor matik itu sempat melakukan aksi memotong jalur pada saat iring-iringan Presiden Jokowi melintas di Jalan Gunung Bawakaraeng, Makassar, Rabu (29/3).Kejadian itu terlihat setelah rombongan pengawal dengan motor gede melintas. Tepat setelahnya, pemotor yang belum diketahui identitasnya itu melintas di depan mobil dinas Mercedes-Benz S600 Guard.                Baca juga: Umur 3 Tahun Dulu Kamu Ngapain? Bocah Ini Geber Ferrari di SirkuitAksi nekat pemotor itu nyaris tertabrak mobil dinas. Iring-iringan terlihat sempat melambat, namun pemotor nekat itu memblayer rombongan dengan knalpot brongnya.""Ih deeh, nyaris lagi mobilnya Pak Jokowi. Astaga,"" terdengar seorang wanita dalam video kaget melihat insiden itu, seperti dilihat dalam video beredar.""Bahayana, ih, nanabuno kalengna (bahayanya, mau bunuh diri),"" sambung seorang pria dalam video.Aksi pria itu membuat seorang pengawal Presiden yang mengendarai motor gede menoleh ke belakang. Namun pria yang memotong jalur itu pun bergegas pergi dari lokasi.Sementara itu, Kasubag Humas Polrestabes Makassar Kompol Lando juga tak menampik insiden tersebut. Namun saat ditanya apakah pemotor itu diamankan di Polrestabes Makassar, Kompol Lando mengaku belum tahu banyak hal.Baca juga: Konvoi RI 1 Haram Diterobos, Begini Aturannya""Belum tahu, belum tahu di mana diamankan,"" ujar Kompol Lando saat dimintai konfirmasi detikSulsel, Kamis (30/3/2023).Dalam Undang-Undang No. 22 Tahun 2009, iring-iringan kepresidenan menjadi pengguna jalan urutan keempat yang harus diprioritaskan. Artinya, semua pengendara harus memberikan jalan kepada konvoi presiden. Kecuali, kendaraan pemadam kebakaran yang sedang melaksanakan tugas, ambulans yang mengangkut orang sakit, dan kendaraan untuk memberikan pertolongan pada kecelakaan lalu lintas boleh mendahului mobil Presiden dan mobil Presiden pun harus mengalah kepada tiga kendaraan tersebut.Urutan tersebut sesuai dengan Pasal 134 Undang-Undang No. 22 Tahun 2009. Dalam peraturan tersebut, ada 7 kendaraan yang mendapat hak utama sehingga pengendara lain harus minggir memberikan jalan. Sesuai urutannya, berikut 7 kendaraan prioritas tersebut:1. Kendaraan pemadam kebakaran yang sedang melaksanakan tugas;2. ambulans yang mengangkut orang sakit;3. Kendaraan untuk memberikan pertolongan pada Kecelakaan Lalu Lintas;4. Kendaraan pimpinan Lembaga Negara Republik Indonesia;5. Kendaraan pimpinan dan pejabat negara asing serta lembaga internasional yang menjadi tamu negara;6. iring-iringan pengantar jenazah; dan7. konvoi dan/atau Kendaraan untuk kepentingan tertentu menurut pertimbangan petugas Kepolisian Negara Republik Indonesia. Simak Video ""Pemotor Terobos Iring-iringan Jokowi di Sulsel Ternyata Pelaku Balap Liar""[Gambas:Video 20detik](riar/rgr)jokowi makassar mobil presiden iring-iringan jokowi ",https://oto.detik.com/catatan-pengendara-motor/d-6646081/heboh-pemotor-knalpot-brong-potong-blayer-iring-iringan-presiden
8,        Mobil Pikap Tabrak Pejalan Kaki hingga Tewas di Jalan Gatsu Timur    ,"Kamis, 30 Mar 2023 11:33 WIB",I Wayan Sui Suadnyana - detikBali,detikBali,Denpasar,"Denpasar - Sebuah mobil pikap menabrak pejalan kaki bernama Rikardus Riki Nguru (22) di Jalan Gatot Subroto (Gatsu) Timur, Kecamatan Denpasar Timur, Kota Denpasar, Bali. Akibatnya, Rikardus tewas di tempat.""(Korban) mengalami luka cedera kepala berat, meninggal di TKP (tempat kejadian perkara),"" kata Kepala Seksi Hubungan Masyarakat (Kasi Humas) Polresta Denpasar AKP I Ketut Sukadi dalam keterangannya kepada detikBali, Kamis (30/3/2023).Baca juga: 2 Pemotor Tabrakan di Denpasar, 1 Pengendara TewasRikardus merupakan pria kelahiran Jawang, Desa Golo Kantar, Kecamatan Borong, Kabupaten Manggarai Timur, Nusa Tenggara Timur (NTT). Ia tinggal di Jalan Akasia Nomor 16B, Kota Denpasar.                Sukadi menjelaskan insiden mobil pikap yang menabrak pejalan kaki tersebut terjadi pada Rabu (29/3/2023) sekitar pukul 19.30 Wita. Polisi menerima laporan kecelakaan lalu lintas itu sekitar pukul 20.30 Wita.Informasi yang dihimpun, mobil merek Suzuki pikap awalnya bergerak dari timur ke barat di Jalan Gatsu Timur, Kota Denpasar. Ketika itu, Rikardus di lokasi yang sama berjalan untuk menyeberang dari arah selatan menuju utara.""Setibanya di TKP pengemudi mobil pikap mendahului pengemudi mobil lain sehingga terjadi tabrakan,"" ungkap Sukadi.Baca juga: Polresta Denpasar Tilang 43 WNA Pelanggar Lalu Lintas, Mayoritas Asal RusiaPolisi telah mengantongi tanda nomor kendaraan bermotor (TNKB) mobil penabrak. Polisi kini tengah melakukan penyelidikan terhadap pengemudi pikap tersebut.""Pengemudi mobil pikap DK-8904-AO masih lidik,"" jelas Sukadi.Simak Video ""Bukan Tengah Malam, Ini Jam-jam Rawan Kecelakaan""[Gambas:Video 20detik](iws/hsa)kecelakaan lalu lintas pikap tabrak pejalan kaki pejalan kaki tewas ditabrak jalan gatsu timur polresta denpasar",https://www.detik.com/bali/berita/d-6646012/mobil-pikap-tabrak-pejalan-kaki-hingga-tewas-di-jalan-gatsu-timur
9,        Sejumlah Titik di Tol JORR Arah Jakarta Macet Pagi Ini    ,"Kamis, 30 Mar 2023 07:44 WIB",Yulida Medistiara - ,detikNews,Jakarta,"Jakarta - Lalu lintas di Tol JORR tepatnya di Ulujami arah Kembangan mengalami kepadatan. Hal itu terjadi karena adanya penanganan kecelakaan.""Untuk informasi sendiri dari Ulujami ke arah Kembangan benar ini sedang ada penanganan kecelakaan di sekitar KM 15+400,"" kata petugas call center Jasa Marga, Diah, saat dihubungi, Kamis (30/3/2023).Namun diinformasikan saat ini kendaraan yang terlibat kecelakaan sudah dievakuasi ke bahu jalan. Sementara itu belum diketahui kendaraan apa saja yang terlibat kecelakaan, namun Jasa Marga menyebut 2 kendaraan mengalami tabrakan di lokasi tersebut.                ""Untuk kendaraannya belum ada informasi dari ruas Tol terkait, tapi memang melibatkan 2 kendaraan,"" ujarnya.Baca juga: Jakarta Macet, Jokowi: Terlambat 30 Tahun Bangun Transportasi PublikSelanjutnya lalu lintas ke arah Jakarta setelah melewati lokasi kecelakaan tersebut kembali lancar.Sementara itu, lalu lintas Tol JORR dari arah Kampung Rambutan arah Gedong mengalami kemacetan. Selain itu titik kepadatan lainnya ada di Tanjung Barat arah ke Pasar Minggu akibat adanya kepadatan volume kendaraan.""Saat ini informasinya terpantau ada kepadatan di sekitaran Kampung Rambutan sampai arah Gedong, padat kembali di sekitar Tanjung Barat sampai Pasar Minggu menyambung kepadatan sampai dengan ke arah Fatmawati,"" katanya.Jasa Marga juga menginformasikan ada perbaikan jalan di Tol sekitar Fatmawati. Hal itu juga membuat kepadatan lalu lintas di lokasi.""Informasi yang kami terima dari ruas Tol Hutama Karya, saat ini informasinya selain padat volume kendaraan ini tepatnya di KM 23+200 sedang ada pekerjaan perbaikan jalan di lajur kiri, di Fatmawati,"" katanya.""Informasinya masih (macet) bisa berjalan saat ini,"" tambahnya.Simak juga 'Jakarta Macet, Jokowi: Terlambat 30 Tahun Bangun Transportasi Publik':[Gambas:Video 20detik](yld/idn)macet jakarta jabodetabek kemacetan macet jakarta ",https://news.detik.com/berita/d-6645626/sejumlah-titik-di-tol-jorr-arah-jakarta-macet-pagi-ini
10,"        Ngeri Kecelakaan Angkot Vs Truk di Bogor, Sopir Terjepit di Ruang Kemudi    ","Rabu, 29 Mar 2023 22:43 WIB",M Solihin - ,detikNews,Bogor,"Bogor - Kecelakaan melibatkan angkutan perkotaan (angkot) dan truk kontainer terjadi di Jl Raya Cileungsi-Jonggol, Desa Mekarsari, Kabupaten Bogor. Akibat kejadian itu, sopir angkot terjepit di ruang kemudi.""Kecelakaan di Jl Raya Cileungsi-Jonggol, angkot versus truk kontainer. Sopir angkotnya sempet kejepit itu,"" kata warga sekitar bernama Ismail kepada detikcom, Rabu (29/3/2023).Ismail menyebutkan kecelakaan terjadi sekitar pukul 18.30 WIB ketika truk kontainer tengah melaju dari arah Jonggol menuju Cileungsi. Truk kontainer diduga menghindari motor di depannya kemudian banting setir ke kanan.                Di saat bersamaan, datang angkot dari arah berlawanan. Kecelakaan pun tak terhindarkan.Baca juga: Tabrak Jembatan Barongan Imogiri, Pemotor Gunungkidul TewasKecelakaan truk versus angkot di Cileungsi, Kabupaten Bogor, mengakibatkan sopir angkot terjepit di ruang kemudi. (Foto: dok. Istimewa)""Bagian depan, bagian kepala truk kontainer melintir ke kanan, terus datang angkot dari arah Cileungsi ke Jonggol. Mungkin angkot nggak kuat ngerem akhirnya nabrak truk kontainer,"" kata Ismail.Kondisi angkot ringsek di bagian depan usai kecelakaan tersebut. Sopir angkot terjepit di ruang kemudi.Dari foto-foto yang diperoleh detikcom, terlihat sopir terjepit di ruang kemudi. Bagian depan dan kanan angkot ringsek tak berbentuk.""Sopir angkot akhirnya bisa dievakuasi sama warga yang di lokasi. Kondisinya luka-luka, nggak ada korban jiwa, angkot juga kebetulan lagi kosong,"" terang Ismail.Kanit Gakkum Satlantas Polres Bogor Ipda Angga Nugraha membenarkan peristiwa tersebut. Menurutnya, petugas laka lantas sudah berada di lokasi untuk melakukan pengecekan.""Sedang dicek,"" kata Angga dihubungi wartawan.Baca juga: Detik-detik Bus Jemaah Umrah Terbakar di Saudi, Api Melambung Tinggi(mea/mea)kecelakaan kecelakaan lalu lintas bogor jabodetabek ",https://news.detik.com/berita/d-6645441/ngeri-kecelakaan-angkot-vs-truk-di-bogor-sopir-terjepit-di-ruang-kemudi
11,"        Pelajar SMA Tewas Ditabrak Mercy di Jaksel, Begini Penjelasan Polisi    ","Rabu, 29 Mar 2023 16:42 WIB","Wildan Noviansah, Devi Puspitasari - ",detikNews,Jakarta,"Jakarta - Seorang pelajar SMA berinisial S tewas setelah terlibat kecelakaan dengan mobil Mercy di perempatan lampu merah Ragunan, Pasar Minggu, Jakarta Selatan (Jaksel), pada 12 Maret 2023. Polisi saat ini masih mengusut insiden ini.Redaksi detikcom mendapatkan salah satu kontak dari pihak keluarga dari pelajar SMA itu tapi meminta agar identitasnya dirahasiakan. Dia lantas memberikan keterangan tertulis berupa kronologi.""Iya betul, ini untuk lengkapnya,"" ucap pihak keluarga S memberikan keterangan tertulis itu, Rabu (30/3/2023).                Dari keterangan itu disebutkan peristiwa nahas tersebut terjadi sekitar 2 pekan lalu atau tepatnya pada Minggu, 12 Maret 2023, sekitar pukul 01.00 WIB. Saat itu S membonceng rekannya berinisial B menggunakan motor milik S.Motor yang mereka kendarai melaju dari Cilandak melintas di perempatan lampu merah Ragunan. Pada saat bersamaan, ada mobil Mercy dengan kecepatan kencang dari arah Mampang Prapatan ke Ragunan. Malang tak dapat dihindari, tabrakan pun terjadi.Disebutkan dalam keterangan dari pihak keluarga itu bila S tewas di tempat, sedangkan B sempat koma. Mereka dievakuasi ke RSUD Pasar Minggu.Baca juga: Info Macet Tol Pagi Ini: Jatiasih Arah Jatiwarna, Pasar Minggu-Ampera PadatPihak Keluarga Duga Ada KejanggalanMasih dari keterangan itu, saat di rumah sakit, orang tua S sempat bertemu dengan pengemudi Mercy berinisial MMI. Menurut pihak keluarga S, di saat yang sama ada pula pihak kepolisian dan seorang berinisial R yang mengaku sebagai pihak keluarga dari MMI. Pihak keluarga mengaku mendapatkan informasi MMI sudah diamankan di Polres Jaksel.Salah satu kejanggalan yang disebut pihak keluarga S, sehari setelahnya, ketika pihak keluarga menanyakan kronologi kejadian dan identitas pelaku, dijawab pelaku baru hendak dimintai keterangan. Hal ini dirasa pihak keluarga janggal karena sebelumnya mereka mendapat informasi bahwa pelaku sudah diamankan.Selain itu, mereka menilai ada kejanggalan dalam surat keterangan polisi, yaitu S yang mengendarai motor, sedangkan B membonceng. Padahal menurut keluarga, kejadian yang sebenarnya bukan seperti itu.Lalu, kejanggalan lain disebutkan terkait surat kematian yang dikeluarkan pihak rumah sakit. Pihak keluarga mengatakan bila penyebab kematian adalah penyakit menular.Pihak keluarga pun melaporkan hal ini ke Polda Metro Jaya tapi diarahkan ke Polres Jaksel. Beberapa hari setelahnya pihak keluarga korban diminta polisi bertemu dengan pihak keluarga pelaku tetapi pihak keluarga pelaku diwakili kuasa hukum. Dalam pertemuan itu dibahas opsi damai dengan jumlah uang Rp 15 juta. Namun pihak keluarga S menolak akan itu sehingga urusan ini menjadi tidak jelas hingga kini.Baca juga: Polri Imbau Warga Tak Mudik Pakai Motor: Mendominasi Angka KecelakaanKeterangan Saksi MataSetelahnya detikcom mencoba mencari saksi di lokasi kejadian. Salah seorang pengamen bernama Arif (31) mengaku melihat kejadian itu.""Kejadiannya Minggu, lupa tanggalnya. Kejadiannya memang dari sana (Mampang) lampu hijau. Nah motor memang di sini dari arah (Cilandak) memang merah nih,"" kata Arif saat ditemui, Rabu (29/3/2023).""Memang lagi kosong yang (Mampang), padahal lampu ijo. Tiba-tiba satu motor Vario putih ngebut duluan lolos,"" imbuhnya.Arif menyebut dua orang yang mengendarai motor itu terpental setelah tabrakan. Dia juga membenarkan pengemudi Mercy sempat hendak kabur.""Yang meninggal yang bawa motor orang mentalnya jauh banget. Yang satu ke belakang pos, belakang gardu. Cuma pas kejadian udah digotong ke pinggir,"" katanya.""Pas gue gotong, belum meninggal, masih engap-engapan. (Pengemudi Mercy) sempet kabur sampai ke gang Ragunan ke arah RSUD, cuma diuber sama gojek-gojek tuh langsung tanggung jawab dibawa ke sini (TKP),"" imbuhnya.Penjelasan PolisiSecara terpisah kemudian redaksi detikcom berupaya menghubungi Kasat Lantas Polres Jaksel Kompol Bayu Marfiando. Polisi menyebutkan bila kejadian itu diakibatkan pemotor menerobos lampu merah.""Menurut keterangan saksi, semula pengemudi kendaraan Mercy berjalan dari arah utara ke arah selatan di Jalan Margasatwa, Pasar Minggu, Jakarta Selatan. Sesampainya di perempatan Pertanian menabrak kendaraan motor Honda Vario yang nopolnya belum ada yang menerobos lampu pengatur jalan sehingga terjatuh ke samping kanan,"" ucap Bayu singkat.Baca juga: Tragis! TikToker Tewas Kecelakaan Usai Sesumbar Tak Pernah Kecelakaan(mea/dhn)kecelakaan lalu lintas kecelakaan mercy kecelakaan mercy di pasar minggu motor vs mercy kecelakaan maut jabodetabek jakarta ",https://news.detik.com/berita/d-6644826/pelajar-sma-tewas-ditabrak-mercy-di-jaksel-begini-penjelasan-polisi
12,        Waspada Mudik Bawa Kendaraan! 80% Kecelakaan Terjadi karena Kelelahan    ,"Rabu, 29 Mar 2023 15:12 WIB",Rangga Rahadiansyah - detikOto,detikOto,Jakarta,"Jakarta - Belakangan ini sering terjadi kecelakaan maut. Angka kematian akibat kecelakaan lalu lintas pun terbilang masih tinggi.Menurut Djoko Setijowarno, Akademisi Prodi Teknik Sipil Unika Soegijapranata dan Wakil Ketua Bidang Pemberdayaan dan Penguatan Kewilayahan Masyarakat Transportasi Indonesia (MTI), dari data yang dihimpun oleh Kepolisian RI, faktor utama penyebab kecelakaan lalu lintas adalah pengemudi. Komite Nasional Keselamatan Transportasi (KNKT) memperkirakan sekitar 80 persen kecelakaan disebabkan oleh kelelahan.""Sebelum menempuh perjalanan jauh, sebaiknya beristirahat dengan cukup. Kalau di tengah perjalanan merasa lelah, langsung mencari tempat istirahat terdekat dan beristirahat untuk menghindari risiko kecelakaan,"" kata Djoko dalam keterangan tertulisnya.                Baca juga: Sopir Cuek sampai Berujung Kecelakaan, Ini Tanda-tanda Harus IstirahatDjoko menilai, obat dari rasa lelah saat berkendara adalah istirahat. Mengonsumsi minuman suplemen tak menjamin sopir terbebas dari rasa lelah dan kantuk.Selain itu, Djoko menekankan waktu maksimal berkendara. Untuk perjalanan panjang lebih dari 8 jam, disarankan punya dua pengemudi yang bisa bergantian.""Satu pengemudi hanya boleh menyetir secara terus-menerus maksimal selama 4 jam. Setelah 4 jam, pengemudi wajib istirahat. Jika terburu-buru, perjalanan bisa dilanjutkan dengan pengemudi lain,"" ujar Djoko.""Kebanyakan pengemudi, terutama kendaraan pribadi, mengemudi lebih dari 4 jam. Selain karena tidak tahu bahwa hal itu dilarang, terkadang mereka juga tidak bisa menolak permintaan juragannya supaya bisa cepat sampai. Padahal, sopir itu dikasih tidur 15 menit saja, lalu cuci muka terus melanjutkan perjalanan sudah aman untuk melanjutkan perjalanan,"" sambungnya.Baca juga: Salah Kaprah Ngebut buat Usir KantukDari sisi pemerintah, Djoko menyarankan pemerintah perlu menyiapkan fasilitas istirahat yang layak untuk para sopir di sejumlah tempat, misalnya rest area atau tempat istirahat, ataupun tempat wisata. Jika sopir mendapatkan istirahat yang layak dan berkualitas, risiko kecelakaan lalu lintas yang berakibat fatal bisa ditekan.""Selain memastikan tubuh pengemudi dalam kondisi prima, kondisi kendaraan juga harus dipastikan laik jalan. Tekanan angin dan kondisi ban harus dicek sebelum kendaraan dijalankan. Bahan bakar juga dianjurkan diisi penuh sebelum perjalanan. Aktivitas mengantre pengisian bahan bakar juga bisa memicu kelelahan pengemudi,"" sebutnya.Upaya meningkatkan keselamatan berkendara juga dikembangkan industri otomotif lewat fitur-fitur keselamatan aktif. Saat ini, beberapa mobil baru telah dilengkapi dengan sensor atau radar yang mampu mendeteksi obyek di depan kendaraan yang tengah melaju.""Tidak hanya mengirim sinyal kepada pengemudi, keberadaan sensor itu beberapa di antaranya juga aktif membantu pengereman agar mobil tidak menabrak obyek di depannya. Sayang, teknologi ini rata-rata hanya disematkan di mobil-mobil premium,"" pungkasnya. Simak Video ""Bukan Tengah Malam, Ini Jam-jam Rawan Kecelakaan""[Gambas:Video 20detik](rgr/din)kecelakaan maut kecelakaan lalu lintas kecelakaan tabrakan ",https://oto.detik.com/mobil/d-6644563/waspada-mudik-bawa-kendaraan-80-kecelakaan-terjadi-karena-kelelahan
13,"        Heboh Sopir Ambulans Kabur Usai Tabrak Innova di Karanganyar, Ini Kata Polisi    ","Rabu, 29 Mar 2023 13:48 WIB",Agil Trisetiawan Putra - detikJateng,detikJateng,Karanganyar,"Karanganyar - Kecelakaan lalu lintas melibatkan mobil ambulans dengan mobil pribadi jenis Toyota Innova terjadi di Jalan Solo-Tawangmangu, tepatnya di Desa Bejen, Kecamatan/kabupaten Karanganyar pada Minggu (26/3). Sempat terjadi salah paham saat kejadian itu hingga sopir ambulans dianggap melakukan tabrak lari.Ps Kasubsi Penmas Polres Karanganyar Bripka Aditya Prima Sakti menjelaskan mengenai kronologi insiden itu. Awalnya kedua kendaraan sama-sama melaju dari arah Tawangmangu menuju Solo.Sesampainya di lokasi, mobil Innova yang dikendarai Hendra (33) berhenti di lampu merah. Dari arah belakang melaju mobil ambulans yang dikemudikan Sholeh. Karena jarak yang terlalu dekat maka ambulans menabrak bagian belakang Innova.                ""Sopir ambulans meninggalkan korban usai kejadian itu, dan sempat dicari petugas dengan melakukan pengecekan CCTV,"" kata Birpka Sakti saat dihubungi detikJateng, Rabu (29/3/2023).Baca juga: Kaesang Didukung Relawan Ganjar Jadi Wali Kota Depok, Gibran: Wkwkwk...Setelah dilakukan pengecekan CCTV, diketahui mobil ambulans itu merupakan kendaraan sosial milik salah satu desa di Kecamatan Ngargoyoso.Saat dilakukan pemeriksaan, ternyata sopir ambulans tidak memiliki SIM A. Ambulans itu melakukan perjalanan menjemput pasien pascamelahirkan di RSUD Karanganyar.""Ambulans tidak dalam situasi emergency dan tidak membawa pasien. Rotator dinyalakan dan sirine dimatikan,"" ujarnya.Terpisah, Kasat Lantas Polres Karanganyar AKP Eliet Alphard mengatakan, sebenarnya sopir tak ada niatan untuk melarikan diri. Hanya terjadi salah paham antara sopir ambulans dengan sopir Innova.""Itu ambulans sempat jejeri Innova. Sopir Innova sempat memberi kode agar jalan ke depan, maksudnya di depan berhenti. Tapi kode itu dibaca sopir ambulans jika sopir Innova tak mempersoalkan kejadian itu karena hanya bumper belakang Innova rusak sedikit, sehingga dia jalan terus,"" kata Alphard.Dia mengatakan, sopir ambulans sebenarnya kooperatif. Komunikasi baik sudah dilakukan antara kedua belah pihak.""Sebenarnya hari ini mau kita pertemukan untuk mediasi. Namun dari sopir Innova masih ada kesibukan di luar kota,"" pungkasnya.Baca juga: 3 Pernyataan Ganjar Tolak Timnas Israel di Piala Dunia U-20Simak Video ""Ganjar Ingatkan Bahaya Hoaks Saat Hadiri Haul KH Dalhar Watucongol""[Gambas:Video 20detik](apl/ams)berita jateng kecelakaan lalu lintas di karanganyar ambulans tabrak innova di karanganyar ambulan tabrak innova",https://www.detik.com/jateng/berita/d-6644310/heboh-sopir-ambulans-kabur-usai-tabrak-innova-di-karanganyar-ini-kata-polisi
14,"        Info Macet Tol Pagi Ini: Jatiasih Arah Jatiwarna, Pasar Minggu-Ampera Padat    ","Rabu, 29 Mar 2023 07:44 WIB",Yulida Medistiara - ,detikNews,Jakarta,"Jakarta - Lalu lintas di Tol JORR tepatnya di Jatiasih ke arah Jatiwarna di KM 36+400 macet imbas adanya kecelakaan. Saat ini kecelakaan tersebut sudah ditangani petugas.""Untuk di JORR kecelakaan dari Jatiasih ke Jatiwarna di KM 36+400, sudah selesai penanganan,"" kata petugas call center Jasa Marga, Rina saat dihubungi pada pukul 07.17 WIB, Rabu (29/3/2023).Adapun titik kemacetan tersebut mengarah ke Kampung Rambutan, saat ini petugas sudah selesai melakukan penanganan kecelakaan kendaraan tersebut. Dampak kemacetan tersebut terjadi kepadatan dari KM 36 hingga KM 40.                Baca juga: Lalin Jalan Kalibata Arah Pasar Minggu Macet, Warga: Sudah Biasa""Kepadatan dari KM 36 sampai KM 40,"" ungkapnya.Selanjutnya kondisi lalu lintas dari Pasar Minggu menuju arah Lenteng Agung mengalami kemacetan. Sementara itu dari Ampera ke arah Cilandak dilaporkan ramai lancar.""Padat kembali Pasar Minggu-Lenteng Agung sampai Ampera. Ampera ke Cilandak lancar,"" katanya.Simak juga 'Terungkap! Ini Penyebab di Jalan Sering Macet Tanpa Sebab':[Gambas:Video 20detik](yld/idn)macet kemacetan jakarta jabodetabek tol jorr ",https://news.detik.com/berita/d-6643590/info-macet-tol-pagi-ini-jatiasih-arah-jatiwarna-pasar-minggu-ampera-padat
15,"        123 Juta Orang Diprediksi Akan Mudik, Kemenhub Imbau Tak Pakai Motor    ","Selasa, 28 Mar 2023 22:34 WIB",Fajar Pratama - ,detikNews,Jakarta,"Jakarta -  Sebanyak 123,8 juta orang diperkirakan akan melakukan mudik lebaran tahun ini. Kementerian Perhubungan (Kemenhub) mengimbau masyarakat tak mudik menggunakan sepeda motor.""Kita mengimbau pemudik tidak menggunakan motor, apalagi kalau perjalanannya mencapai 8 jam. Itu membahayakan,"" kata Direktur Lalu Lintas Ditjen Perhubungan Darat Kemenhub Ir Cucu Mulyana dalam keterangan yang diterima, Selasa (28/3/2023).Hal itu disampaikan Cucu dalam Dialog Publik yang digelar Divisi Humas Polri di Hotel Grand Kemang, Jakarta, pagi tadi. Imbauan itu disampaikan karena diprediksi akan ada 20,3% pemudik menggunakan sepeda motor.                Cucu mengimbau pemudik yang ingin membawa motornya bisa mengikuti program mudik gratis yang disediakan sejumlah instansi.Baca juga: Simak! Ini Titik One Way hingga Contraflow Saat Mudik Lebaran 2023Sesuai dengan pergeseran jadwal libur lebaran, puncak arus mudik diperkirakan terjadi pada Selasa (18/4). Sementara arus balik diperkirakan terjadi pada Selasa dan Rabu (25-26 April).Sesuai hasil survei, menurut Cucu, pilihan jalur terbanyak oleh pemudik adalah tol Trans Jawa, jalur alternatif, dan tol Cipularang.Antisipasi di Tol Trans JawaMengantisipasi hal itu, pemerintah akan menerapkan sistem contraflow dan one way, khususnya di jalur tol Trans Jawa pada arus mudik 18-21 April dan arus balik 24-26 April dan 29-April.""Contraflow dan one way berlaku mulai dari Km 47 hingga Km 414,"" jelas Cucu.Cucu menambahkan, pemerintah akan melakukan pembatasan kendaraan barang pada 17-21 April, 24-26 April, dan 29 April-2 Mei.Langkah Jasa MargaSementara itu, Dirut PT Jasa Marga (Persero) Tbk Ir Subakti Syukur menambahkan, selain jalan tol yang sudah beroperasi, pemerintah akan mengoperasikan ruas Japek II Selatan tanpa tarif. Ruas tersebut yaitu ruas Sadang-Kartanegara (8,5 km) dan Sadang-Mekar (16 km). Sementara ruas Solo-Yogyakarta dioperasikan secara fungsional dari Kartasura-Klaten (6 km).Baca juga: Catat! 123,8 Juta Orang Bakal Mudik, Puncaknya Diprediksi 18-21 AprilIa menegaskan semua stakehokder akan berupaya maksimal mewujudkan tagline 'Mudik Nyaman Yang Berkesan'.Polri Gelar Operasi KetupatPada kesempatan yang sama, Dirgakkum Korlantas Polri Brigjen Aan Suhanan menjelaskan Operasi Ketupat 2023 yang digelar Polri dalam mengantisipasi arus mudik dan arus balik Lebaran tahun ini.Simak berita selengkapnya di halaman selanjutnya,Halaman                1                            2                        Selanjutnya mudik lebaran 2023 arus mudik lebaran 2023 mudik update mudik 2023 kemenhub jasa marga polri ramadan 2023 ",https://news.detik.com/berita/d-6643418/123-juta-orang-diprediksi-akan-mudik-kemenhub-imbau-tak-pakai-motor
16,        Sigra Terbalik Setelah Oleng-Serempet 2 Kendaraan di Arteri Jombang    ,"Selasa, 28 Mar 2023 18:10 WIB",Enggran Eko Budianto - detikJatim,detikJatim,Jombang,"Jombang - Mobil Daihatsu Sigra terbalik setelah menyerempet sepeda motor dan mobil di jalur arteri Jombang. Kecelakaan ini membuat sopir LMPV tersebut terluka.Kanit Gakkum Satlantas Polres Jombang Ipda Anang Setiyanto mengatakan Sigra nopol S 1470 OH itu melaju dari timur ke barat atau dari arah Mojokerto ke Jombang di jalur arteri. Mobil warna putih itu dikemudikan Abdul Hamid (65), warga Desa Mojotrisno, Mojoagung, Jombang.Sampai di jalan arteri Dusun Ngemplak, Desa Mojotrisno sekitar pukul 16.00 WIB, Sigra itu tiba-tiba saja oleng ke kiri. Sehingga menyerempet sepeda motor Yamaha Vega nopol S 6456 WU yang dikendarai Miftahul Huda (35), warga Desa Keplaksari, Peterongan, Jombang.                Baca juga: Pemotor Kediri Tewas Terlindas Truk di Jombang Usai Terjang Jalan BerlubangSigra terbalik di Jombang (Foto: Dok. Sat Lantas Polres Jombang)""Pengemudi Sigra diduga kurang menguasai setir sehingga oleng ke kiri dan menyerempet kendaraan lain,"" kata Anang kepada wartawan, Selasa, (28/3/2023).Tak sampai di situ saja, lanjut Anang, Sigra lalu menyerempet bagian belakang sisi kiri mobil Daihatsu Terios nopol S 1428 XK yang melaju searah di depannya. Terios warna hitam itu dikemudikan Budiono (41), warga Desa Mancilan, Kecamatan Mojoagung.""Sehingga pengemudi Sigra membanting setir ke kiri mengakibatkan mobil terbalik di tepi jalan,"" jelasnya.Baca juga: Hindari Kucing Nyebrang, Truk Muat Pakan Ternak di Jombang TergulingBeruntung pengendara sepeda motor Vega dan pengemudi Terios selamat dari kecelakaan ini. Hanya sopir Sigra yang terluka sehingga harus dievakuasi ke Puskesmas Mojoagung.""Pengemudi Sigra mengalami luka, saat ini diobservasi di Puskesmas Mojoagung,"" tandas Anang.Polisi telah melakukan olah TKP dan menggali keterangan dari sejumlah saksi mata. Sepeda motor, mobil Terios maupun Sigra juga telah dievakuasi dari lokasi kecelakaan. Sehingga arus lalu lintas di jalan nasional itu kembali lancar.Simak Video ""Cerita Mobil Terbalik di Lokasi Kebakaran Depo Pertamina Plumpang""[Gambas:Video 20detik](abq/iwd)mobil terbalik mobil terbalik jombang sigra terbalik daihatsu sigra kecelakaan di jombang",https://www.detik.com/jatim/berita/d-6643062/sigra-terbalik-setelah-oleng-serempet-2-kendaraan-di-arteri-jombang
17,        'Adu Banteng' Jadi Jenis Kecelakaan Lalu Lintas Terbanyak di Indonesia    ,"Selasa, 28 Mar 2023 16:00 WIB",Rafly Adli - detikOto,detikOto,Jakarta,"Jakarta - Kecelakaan lalu lintas masih sering terjadi di Indonesia. Tapi tahukah kamu kalau kecelakaan jenis 'adu banteng' merupakan yang paling sering terjadi di Tanah Air?Kecelakaan lalu lintas terjadi akibat dari berbagai faktor, tidak sedikit juga diakibatkan kecerobohan manusia. Berdasarkan laporan Pusat Informasi Kriminal Nasional (Pusiknas) Polri, didapati bahwa sebanyak 62.975 kasus kecelakaan lalu lintas di Indonesia telah terjadi pada sepanjang semester pertama tahun 2022.Baca juga: Cara Nyalip Kendaraan Biar Enggak Adu BantengPuluhan ribu kecelakaan itu terdiri dari beragam jenis. Salah satunya yang paling banyak adalah 'adu banteng' atau tabrakan antara bagian depan dengan depan. 'Adu banteng' menjadi jenis kecelakaan lalu lintas terbanyak sepanjang periode semester I 2022 dengan jumlah sebesar 13.783 kasus atau 21,89%.                Jenis kecelakaan lalu lintas tertinggi lainnya adalah tabrakan yang terjadi antara bagian depan mobil dengan bagian belakang mobil lainnya, kecelakaan jenis ini memiliki kasus sebanyak 13.731 kasus atau sebesar 21,80% dari total seluruh kecelakaan.Kecelakaan tunggal berada di urutan ketiga dengan jumlah sebanyak 12.571 kasus atau sebesar 19,88%. Kecelakaan yang melibatkan tabrakan langsung dengan manusia juga tergolong tinggi, dimana terdapat 7.109 kasus yang terjadi sepanjang semester pertama 2022.Sebab dari kecelakaan ini pun sangat bervariasi, misalnya lalai terhadap lalu lintas dari depan menjadi penyebab kecelakaan paling banyak. Ini juga yang menjadi sebab dari banyaknya kecelakaan adu banteng. Penyebab lainnya adalah tidak menjaga jarak aman, melebihi batas kecepatan, hingga ceroboh saat menyalip.Baca juga: Pelajaran dari Kasus Adu Banteng Ambulans vs Truk yang Tewaskan Dokter di PangandaranSebagian besar kecelakaan lalu lintas ini terjadi akibat adanya faktor kelalaian manusia, baik dari pengendara itu sendiri maupun pengguna jalan di sekitarnya.""Faktor manusia merupakan yang paling dominan dalam kecelakaan. Faktor manusia dalam tabrakan kendaraan mencakup semua hal yang berhubungan dengan perilaku pengemudi dan pengguna jalan lain, seperti pandangan dan ketajaman pendengaran, kemampuan membuat keputusan, dan kecepatan reaksi terhadap perubahan kondisi lingkungan dan jalan,"" kata Polri dalam laporannya. Simak Video ""Bukan Tengah Malam, Ini Jam-jam Rawan Kecelakaan""[Gambas:Video 20detik](dry/lth)kecelakaan kecelakaan lalu lintas adu banteng ",https://oto.detik.com/berita/d-6642694/adu-banteng-jadi-jenis-kecelakaan-lalu-lintas-terbanyak-di-indonesia
